Dates,Russell 2000 Index (^RUT) - Index Value
Jan-04-2010,640.10
Jan-05-2010,638.49
Jan-06-2010,637.95
Jan-07-2010,641.97
Jan-08-2010,644.56
Jan-11-2010,643.99
Jan-12-2010,635.50
Jan-13-2010,643.56
Jan-14-2010,646.43
Jan-15-2010,637.96
Jan-19-2010,649.15
Jan-20-2010,639.61
Jan-21-2010,628.36
Jan-22-2010,617.12
Jan-25-2010,618.11
Jan-26-2010,612.16
Jan-27-2010,618.38
Jan-28-2010,607.93
Jan-29-2010,602.04
Feb-01-2010,609.25
Feb-02-2010,614.05
Feb-03-2010,610.66
Feb-04-2010,589.68
Feb-05-2010,592.98
Feb-08-2010,586.49
Feb-09-2010,595.17
Feb-10-2010,595.82
Feb-11-2010,605.46
Feb-12-2010,610.72
Feb-16-2010,620.84
Feb-17-2010,624.83
Feb-18-2010,629.32
Feb-19-2010,631.62
Feb-22-2010,632.25
Feb-23-2010,625.07
Feb-24-2010,630.43
Feb-25-2010,630.46
Feb-26-2010,628.56
Mar-01-2010,642.65
Mar-02-2010,648.31
Mar-03-2010,649.26
Mar-04-2010,652.47
Mar-05-2010,666.02
Mar-08-2010,667.11
Mar-09-2010,669.63
Mar-10-2010,674.93
Mar-11-2010,677.22
Mar-12-2010,676.59
Mar-15-2010,674.41
Mar-16-2010,679.58
Mar-17-2010,683.98
Mar-18-2010,681.61
Mar-19-2010,673.89
Mar-22-2010,682.91
Mar-23-2010,690.30
Mar-24-2010,683.68
Mar-25-2010,679.10
Mar-26-2010,678.97
Mar-29-2010,682.25
Mar-30-2010,683.94
Mar-31-2010,678.64
Apr-01-2010,683.98
Apr-05-2010,697.65
Apr-06-2010,701.48
Apr-07-2010,699.46
Apr-08-2010,699.64
Apr-09-2010,702.95
Apr-12-2010,705.06
Apr-13-2010,707.03
Apr-14-2010,722.40
Apr-15-2010,724.21
Apr-16-2010,714.62
Apr-19-2010,711.40
Apr-20-2010,721.55
Apr-21-2010,726.19
Apr-22-2010,734.31
Apr-23-2010,741.92
Apr-26-2010,738.86
Apr-27-2010,721.27
Apr-28-2010,722.39
Apr-29-2010,737.74
Apr-30-2010,716.60
May-03-2010,732.82
May-04-2010,709.70
May-05-2010,698.58
May-06-2010,672.23
May-07-2010,653.00
May-10-2010,689.61
May-11-2010,695.48
May-12-2010,716.11
May-13-2010,709.85
May-14-2010,693.98
May-17-2010,695.71
May-18-2010,682.75
May-19-2010,674.40
May-20-2010,640.04
May-21-2010,649.29
May-24-2010,641.21
May-25-2010,640.02
May-26-2010,642.62
May-27-2010,670.51
May-28-2010,661.61
Jun-01-2010,640.96
Jun-02-2010,660.52
Jun-03-2010,667.37
Jun-04-2010,633.97
Jun-07-2010,618.49
Jun-08-2010,617.69
Jun-09-2010,618.29
Jun-10-2010,639.79
Jun-11-2010,649.00
Jun-14-2010,652.27
Jun-15-2010,668.77
Jun-16-2010,666.13
Jun-17-2010,665.85
Jun-18-2010,666.92
Jun-21-2010,660.03
Jun-22-2010,645.91
Jun-23-2010,644.25
Jun-24-2010,633.17
Jun-25-2010,645.11
Jun-28-2010,641.54
Jun-29-2010,615.96
Jun-30-2010,609.49
Jul-01-2010,604.76
Jul-02-2010,598.97
Jul-06-2010,590.03
Jul-07-2010,611.66
Jul-08-2010,620.27
Jul-09-2010,629.43
Jul-12-2010,621.61
Jul-13-2010,642.82
Jul-14-2010,640.16
Jul-15-2010,634.62
Jul-16-2010,610.39
Jul-19-2010,613.08
Jul-20-2010,624.24
Jul-21-2010,612.64
Jul-22-2010,635.48
Jul-23-2010,650.65
Jul-26-2010,665.22
Jul-27-2010,662.17
Jul-28-2010,650.76
Jul-29-2010,650.43
Jul-30-2010,650.89
Aug-02-2010,661.86
Aug-03-2010,655.66
Aug-04-2010,662.96
Aug-05-2010,655.07
Aug-06-2010,650.68
Aug-09-2010,659.52
Aug-10-2010,646.36
Aug-11-2010,620.39
Aug-12-2010,616.98
Aug-13-2010,609.49
Aug-16-2010,615.10
Aug-17-2010,626.30
Aug-18-2010,628.04
Aug-19-2010,610.96
Aug-20-2010,610.78
Aug-23-2010,602.67
Aug-24-2010,595.59
Aug-25-2010,604.87
Aug-26-2010,599.76
Aug-27-2010,616.76
Aug-30-2010,601.72
Aug-31-2010,602.06
Sep-01-2010,624.99
Sep-02-2010,632.26
Sep-03-2010,643.36
Sep-07-2010,629.29
Sep-08-2010,634.25
Sep-09-2010,634.62
Sep-10-2010,636.46
Sep-13-2010,652.28
Sep-14-2010,649.23
Sep-15-2010,652.51
Sep-16-2010,647.81
Sep-17-2010,651.44
Sep-20-2010,669.98
Sep-21-2010,664.66
Sep-22-2010,656.71
Sep-23-2010,648.84
Sep-24-2010,671.01
Sep-27-2010,668.29
Sep-28-2010,675.43
Sep-29-2010,677.64
Sep-30-2010,676.14
Oct-01-2010,679.29
Oct-04-2010,669.45
Oct-05-2010,689.35
Oct-06-2010,685.33
Oct-07-2010,684.23
Oct-08-2010,693.82
Oct-11-2010,693.46
Oct-12-2010,696.04
Oct-13-2010,706.47
Oct-14-2010,704.69
Oct-15-2010,703.16
Oct-18-2010,710.13
Oct-19-2010,694.15
Oct-20-2010,702.11
Oct-21-2010,698.12
Oct-22-2010,703.43
Oct-25-2010,707.89
Oct-26-2010,706.93
Oct-27-2010,704.23
Oct-28-2010,701.03
Oct-29-2010,703.35
Nov-01-2010,698.56
Nov-02-2010,712.89
Nov-03-2010,715.14
Nov-04-2010,733.46
Nov-05-2010,736.59
Nov-08-2010,736.77
Nov-09-2010,725.98
Nov-10-2010,734.87
Nov-11-2010,731.58
Nov-12-2010,719.27
Nov-15-2010,719.94
Nov-16-2010,705.34
Nov-17-2010,707.77
Nov-18-2010,720.84
Nov-19-2010,724.36
Nov-22-2010,727.33
Nov-23-2010,719.93
Nov-24-2010,736.53
Nov-26-2010,732.73
Nov-29-2010,731.95
Nov-30-2010,727.01
Dec-01-2010,743.14
Dec-02-2010,751.20
Dec-03-2010,756.42
Dec-06-2010,760.86
Dec-07-2010,764.42
Dec-08-2010,764.04
Dec-09-2010,767.63
Dec-10-2010,776.83
Dec-13-2010,772.10
Dec-14-2010,771.66
Dec-15-2010,768.36
Dec-16-2010,776.56
Dec-17-2010,779.51
Dec-20-2010,782.30
Dec-21-2010,790.52
Dec-22-2010,790.59
Dec-23-2010,788.96
Dec-27-2010,792.35
Dec-28-2010,789.46
Dec-29-2010,790.26
Dec-30-2010,789.74
Dec-31-2010,783.65
Jan-03-2011,798.56
Jan-04-2011,785.83
Jan-05-2011,795.09
Jan-06-2011,791.42
Jan-07-2011,787.83
Jan-10-2011,791.58
Jan-11-2011,794.76
Jan-12-2011,801.36
Jan-13-2011,800.65
Jan-14-2011,807.57
Jan-18-2011,807.56
Jan-19-2011,786.89
Jan-20-2011,778.08
Jan-21-2011,773.18
Jan-24-2011,779.28
Jan-25-2011,779.96
Jan-26-2011,793.72
Jan-27-2011,795.43
Jan-28-2011,775.40
Jan-31-2011,781.25
Feb-01-2011,798.89
Feb-02-2011,796.16
Feb-03-2011,798.63
Feb-04-2011,800.11
Feb-07-2011,808.32
Feb-08-2011,813.69
Feb-09-2011,809.27
Feb-10-2011,812.70
Feb-11-2011,822.11
Feb-14-2011,825.90
Feb-15-2011,820.03
Feb-16-2011,828.37
Feb-17-2011,834.02
Feb-18-2011,834.82
Feb-22-2011,812.96
Feb-23-2011,799.65
Feb-24-2011,804.18
Feb-25-2011,821.95
Feb-28-2011,823.45
Mar-01-2011,807.08
Mar-02-2011,810.90
Mar-03-2011,828.89
Mar-04-2011,824.99
Mar-07-2011,812.25
Mar-08-2011,824.66
Mar-09-2011,821.19
Mar-10-2011,799.53
Mar-11-2011,802.83
Mar-14-2011,798.17
Mar-15-2011,791.33
Mar-16-2011,781.90
Mar-17-2011,785.52
Mar-18-2011,794.66
Mar-21-2011,813.02
Mar-22-2011,808.66
Mar-23-2011,811.24
Mar-24-2011,817.10
Mar-25-2011,823.85
Mar-28-2011,821.77
Mar-29-2011,829.49
Mar-30-2011,840.37
Mar-31-2011,843.55
Apr-01-2011,846.77
Apr-04-2011,849.36
Apr-05-2011,853.31
Apr-06-2011,854.17
Apr-07-2011,849.44
Apr-08-2011,840.89
Apr-11-2011,833.86
Apr-12-2011,822.27
Apr-13-2011,823.92
Apr-14-2011,827.47
Apr-15-2011,834.98
Apr-18-2011,821.51
Apr-19-2011,823.01
Apr-20-2011,839.45
Apr-21-2011,845.64
Apr-25-2011,844.23
Apr-26-2011,853.04
Apr-27-2011,858.31
Apr-28-2011,861.55
Apr-29-2011,865.29
May-02-2011,854.77
May-03-2011,843.77
May-04-2011,832.90
May-05-2011,829.24
May-06-2011,833.34
May-09-2011,842.80
May-10-2011,855.91
May-11-2011,840.66
May-12-2011,847.53
May-13-2011,835.67
May-16-2011,822.91
May-17-2011,820.36
May-18-2011,833.45
May-19-2011,835.16
May-20-2011,829.06
May-23-2011,814.04
May-24-2011,810.33
May-25-2011,820.87
May-26-2011,830.87
May-27-2011,836.26
May-31-2011,848.30
Jun-01-2011,821.40
Jun-02-2011,820.69
Jun-03-2011,808.13
Jun-06-2011,795.32
Jun-07-2011,797.55
Jun-08-2011,788.04
Jun-09-2011,792.64
Jun-10-2011,779.54
Jun-13-2011,777.20
Jun-14-2011,793.99
Jun-15-2011,779.46
Jun-16-2011,781.54
Jun-17-2011,781.75
Jun-20-2011,788.48
Jun-21-2011,806.37
Jun-22-2011,799.87
Jun-23-2011,802.68
Jun-24-2011,797.79
Jun-27-2011,805.14
Jun-28-2011,817.31
Jun-29-2011,819.92
Jun-30-2011,827.43
Jul-01-2011,840.04
Jul-05-2011,841.62
Jul-06-2011,845.23
Jul-07-2011,858.11
Jul-08-2011,852.57
Jul-11-2011,833.54
Jul-12-2011,829.77
Jul-13-2011,836.98
Jul-14-2011,823.32
Jul-15-2011,828.78
Jul-18-2011,815.97
Jul-19-2011,834.62
Jul-20-2011,832.34
Jul-21-2011,841.26
Jul-22-2011,841.82
Jul-25-2011,831.40
Jul-26-2011,824.83
Jul-27-2011,800.53
Jul-28-2011,799.34
Jul-29-2011,797.03
Aug-01-2011,792.85
Aug-02-2011,767.00
Aug-03-2011,772.78
Aug-04-2011,726.80
Aug-05-2011,714.63
Aug-08-2011,650.96
Aug-09-2011,696.16
Aug-10-2011,660.21
Aug-11-2011,695.89
Aug-12-2011,697.50
Aug-15-2011,718.63
Aug-16-2011,704.76
Aug-17-2011,704.03
Aug-18-2011,662.51
Aug-19-2011,651.70
Aug-22-2011,651.34
Aug-23-2011,683.07
Aug-24-2011,692.57
Aug-25-2011,674.42
Aug-26-2011,691.79
Aug-29-2011,724.65
Aug-30-2011,728.08
Aug-31-2011,726.81
Sep-01-2011,708.92
Sep-02-2011,683.36
Sep-06-2011,680.87
Sep-07-2011,709.47
Sep-08-2011,694.92
Sep-09-2011,673.96
Sep-12-2011,679.76
Sep-13-2011,691.74
Sep-14-2011,704.12
Sep-15-2011,713.51
Sep-16-2011,714.31
Sep-19-2011,702.23
Sep-20-2011,689.95
Sep-21-2011,664.58
Sep-22-2011,643.42
Sep-23-2011,652.43
Sep-26-2011,665.62
Sep-27-2011,680.23
Sep-28-2011,651.97
Sep-29-2011,662.80
Sep-30-2011,644.16
Oct-03-2011,609.49
Oct-04-2011,648.64
Oct-05-2011,658.11
Oct-06-2011,673.80
Oct-07-2011,656.21
Oct-10-2011,684.90
Oct-11-2011,688.97
Oct-12-2011,700.38
Oct-13-2011,698.82
Oct-14-2011,712.46
Oct-17-2011,688.60
Oct-18-2011,709.34
Oct-19-2011,694.37
Oct-20-2011,696.42
Oct-21-2011,712.42
Oct-24-2011,736.03
Oct-25-2011,713.65
Oct-26-2011,727.15
Oct-27-2011,765.43
Oct-28-2011,761.00
Oct-31-2011,741.06
Nov-01-2011,713.89
Nov-02-2011,733.26
Nov-03-2011,751.53
Nov-04-2011,746.49
Nov-07-2011,745.27
Nov-08-2011,755.27
Nov-09-2011,718.86
Nov-10-2011,725.48
Nov-11-2011,744.64
Nov-14-2011,732.89
Nov-15-2011,743.08
Nov-16-2011,729.86
Nov-17-2011,718.75
Nov-18-2011,719.42
Nov-21-2011,701.90
Nov-22-2011,696.26
Nov-23-2011,674.34
Nov-25-2011,666.16
Nov-28-2011,697.90
Nov-29-2011,696.10
Nov-30-2011,737.42
Dec-01-2011,730.75
Dec-02-2011,735.02
Dec-05-2011,747.03
Dec-06-2011,746.78
Dec-07-2011,746.14
Dec-08-2011,722.68
Dec-09-2011,745.40
Dec-12-2011,733.15
Dec-13-2011,718.06
Dec-14-2011,708.46
Dec-15-2011,716.01
Dec-16-2011,722.05
Dec-19-2011,708.56
Dec-20-2011,738.22
Dec-21-2011,740.45
Dec-22-2011,745.51
Dec-23-2011,747.98
Dec-27-2011,751.31
Dec-28-2011,735.21
Dec-29-2011,744.98
Dec-30-2011,740.92
Jan-03-2012,752.28
Jan-04-2012,747.28
Jan-05-2012,752.29
Jan-06-2012,749.71
Jan-09-2012,753.51
Jan-10-2012,764.75
Jan-11-2012,767.24
Jan-12-2012,770.49
Jan-13-2012,764.20
Jan-17-2012,765.53
Jan-18-2012,779.26
Jan-19-2012,782.37
Jan-20-2012,784.62
Jan-23-2012,783.05
Jan-24-2012,788.27
Jan-25-2012,795.64
Jan-26-2012,792.91
Jan-27-2012,798.85
Jan-30-2012,792.38
Jan-31-2012,792.82
Feb-01-2012,809.66
Feb-02-2012,812.89
Feb-03-2012,831.11
Feb-06-2012,828.37
Feb-07-2012,827.37
Feb-08-2012,828.39
Feb-09-2012,824.99
Feb-10-2012,813.33
Feb-13-2012,824.81
Feb-14-2012,820.65
Feb-15-2012,813.98
Feb-16-2012,829.96
Feb-17-2012,828.68
Feb-21-2012,823.22
Feb-22-2012,816.50
Feb-23-2012,829.23
Feb-24-2012,826.92
Feb-27-2012,826.66
Feb-28-2012,823.80
Feb-29-2012,810.94
Mar-01-2012,815.22
Mar-02-2012,802.42
Mar-05-2012,803.65
Mar-06-2012,787.09
Mar-07-2012,795.95
Mar-08-2012,806.34
Mar-09-2012,817.00
Mar-12-2012,814.29
Mar-13-2012,831.23
Mar-14-2012,823.40
Mar-15-2012,831.46
Mar-16-2012,830.18
Mar-19-2012,837.77
Mar-20-2012,829.24
Mar-21-2012,829.92
Mar-22-2012,821.44
Mar-23-2012,830.03
Mar-26-2012,846.13
Mar-27-2012,839.98
Mar-28-2012,834.45
Mar-29-2012,832.22
Mar-30-2012,830.30
Apr-02-2012,840.63
Apr-03-2012,834.80
Apr-04-2012,820.38
Apr-05-2012,818.18
Apr-09-2012,803.46
Apr-10-2012,784.15
Apr-11-2012,796.59
Apr-12-2012,808.59
Apr-13-2012,796.29
Apr-16-2012,798.08
Apr-17-2012,810.63
Apr-18-2012,803.32
Apr-19-2012,798.90
Apr-20-2012,804.05
Apr-23-2012,791.85
Apr-24-2012,798.05
Apr-25-2012,812.12
Apr-26-2012,818.33
Apr-27-2012,825.47
Apr-30-2012,816.88
May-01-2012,815.89
May-02-2012,818.60
May-03-2012,806.59
May-04-2012,791.84
May-07-2012,793.81
May-08-2012,793.06
May-09-2012,788.92
May-10-2012,791.75
May-11-2012,790.06
May-14-2012,778.95
May-15-2012,777.36
May-16-2012,772.11
May-17-2012,754.33
May-18-2012,747.21
May-21-2012,764.64
May-22-2012,759.63
May-23-2012,765.17
May-24-2012,766.57
May-25-2012,766.41
May-29-2012,777.16
May-30-2012,762.00
May-31-2012,761.82
Jun-01-2012,737.42
Jun-04-2012,737.24
Jun-05-2012,746.09
Jun-06-2012,765.17
Jun-07-2012,760.34
Jun-08-2012,769.19
Jun-11-2012,751.01
Jun-12-2012,761.53
Jun-13-2012,752.38
Jun-14-2012,762.34
Jun-15-2012,771.32
Jun-18-2012,772.53
Jun-19-2012,786.43
Jun-20-2012,784.05
Jun-21-2012,764.83
Jun-22-2012,775.16
Jun-25-2012,761.90
Jun-26-2012,765.02
Jun-27-2012,776.24
Jun-28-2012,775.89
Jun-29-2012,798.49
Jul-02-2012,807.94
Jul-03-2012,818.49
Jul-05-2012,817.43
Jul-06-2012,807.14
Jul-09-2012,804.80
Jul-10-2012,795.17
Jul-11-2012,792.26
Jul-12-2012,789.62
Jul-13-2012,800.99
Jul-16-2012,796.66
Jul-17-2012,799.45
Jul-18-2012,805.06
Jul-19-2012,802.17
Jul-20-2012,791.54
Jul-23-2012,778.90
Jul-24-2012,767.75
Jul-25-2012,769.31
Jul-26-2012,777.11
Jul-27-2012,796.00
Jul-30-2012,791.58
Jul-31-2012,786.94
Aug-01-2012,771.11
Aug-02-2012,768.60
Aug-03-2012,788.48
Aug-06-2012,794.35
Aug-07-2012,801.34
Aug-08-2012,800.16
Aug-09-2012,802.90
Aug-10-2012,801.55
Aug-13-2012,799.49
Aug-14-2012,796.88
Aug-15-2012,804.26
Aug-16-2012,813.08
Aug-17-2012,819.89
Aug-20-2012,816.51
Aug-21-2012,815.36
Aug-22-2012,812.56
Aug-23-2012,806.00
Aug-24-2012,809.19
Aug-27-2012,810.40
Aug-28-2012,814.28
Aug-29-2012,817.84
Aug-30-2012,808.64
Aug-31-2012,812.09
Sep-04-2012,822.14
Sep-05-2012,821.23
Sep-06-2012,837.95
Sep-07-2012,842.27
Sep-10-2012,839.37
Sep-11-2012,841.91
Sep-12-2012,845.12
Sep-13-2012,856.12
Sep-14-2012,864.70
Sep-17-2012,858.90
Sep-18-2012,856.93
Sep-19-2012,856.08
Sep-20-2012,851.51
Sep-21-2012,855.51
Sep-24-2012,851.76
Sep-25-2012,839.12
Sep-26-2012,833.93
Sep-27-2012,843.54
Sep-28-2012,837.45
Oct-01-2012,840.31
Oct-02-2012,840.51
Oct-03-2012,838.78
Oct-04-2012,844.65
Oct-05-2012,842.86
Oct-08-2012,838.41
Oct-09-2012,827.92
Oct-10-2012,826.75
Oct-11-2012,829.78
Oct-12-2012,823.09
Oct-15-2012,828.28
Oct-16-2012,835.44
Oct-17-2012,842.52
Oct-18-2012,837.12
Oct-19-2012,821.00
Oct-22-2012,820.52
Oct-23-2012,816.20
Oct-24-2012,813.65
Oct-25-2012,816.82
Oct-26-2012,813.25
Oct-31-2012,818.73
Nov-01-2012,827.85
Nov-02-2012,814.37
Nov-05-2012,819.54
Nov-06-2012,825.64
Nov-07-2012,804.52
Nov-08-2012,793.65
Nov-09-2012,795.02
Nov-12-2012,793.76
Nov-13-2012,789.01
Nov-14-2012,773.20
Nov-15-2012,769.48
Nov-16-2012,776.28
Nov-19-2012,793.06
Nov-20-2012,793.81
Nov-21-2012,798.38
Nov-23-2012,807.18
Nov-26-2012,809.02
Nov-27-2012,807.74
Nov-28-2012,813.50
Nov-29-2012,823.20
Nov-30-2012,821.92
Dec-03-2012,820.80
Dec-04-2012,822.12
Dec-05-2012,820.60
Dec-06-2012,821.79
Dec-07-2012,822.27
Dec-10-2012,826.26
Dec-11-2012,834.99
Dec-12-2012,829.39
Dec-13-2012,824.20
Dec-14-2012,823.75
Dec-17-2012,835.00
Dec-18-2012,847.69
Dec-19-2012,847.89
Dec-20-2012,852.49
Dec-21-2012,847.92
Dec-24-2012,844.74
Dec-26-2012,838.89
Dec-27-2012,837.40
Dec-28-2012,832.10
Dec-31-2012,849.35
Jan-02-2013,873.42
Jan-03-2013,872.60
Jan-04-2013,879.15
Jan-07-2013,875.80
Jan-08-2013,874.70
Jan-09-2013,879.51
Jan-10-2013,881.24
Jan-11-2013,880.77
Jan-14-2013,880.10
Jan-15-2013,884.60
Jan-16-2013,882.31
Jan-17-2013,890.36
Jan-18-2013,892.80
Jan-22-2013,899.24
Jan-23-2013,896.70
Jan-24-2013,900.19
Jan-25-2013,905.24
Jan-28-2013,906.71
Jan-29-2013,907.31
Jan-30-2013,896.91
Jan-31-2013,902.09
Feb-01-2013,911.20
Feb-04-2013,899.28
Feb-05-2013,908.22
Feb-06-2013,911.29
Feb-07-2013,908.10
Feb-08-2013,913.67
Feb-11-2013,913.03
Feb-12-2013,917.52
Feb-13-2013,920.58
Feb-14-2013,923.76
Feb-15-2013,923.15
Feb-19-2013,932.00
Feb-20-2013,913.50
Feb-21-2013,905.40
Feb-22-2013,916.16
Feb-25-2013,895.84
Feb-26-2013,900.05
Feb-27-2013,909.92
Feb-28-2013,911.11
Mar-01-2013,914.73
Mar-04-2013,916.68
Mar-05-2013,927.40
Mar-06-2013,929.96
Mar-07-2013,934.57
Mar-08-2013,942.50
Mar-11-2013,942.51
Mar-12-2013,940.26
Mar-13-2013,943.90
Mar-14-2013,953.07
Mar-15-2013,952.48
Mar-18-2013,947.20
Mar-19-2013,942.85
Mar-20-2013,951.95
Mar-21-2013,943.92
Mar-22-2013,946.27
Mar-25-2013,945.85
Mar-26-2013,949.82
Mar-27-2013,950.24
Mar-28-2013,951.54
Apr-01-2013,938.79
Apr-02-2013,934.30
Apr-03-2013,918.71
Apr-04-2013,925.66
Apr-05-2013,923.28
Apr-08-2013,931.49
Apr-09-2013,929.34
Apr-10-2013,946.09
Apr-11-2013,947.05
Apr-12-2013,942.85
Apr-15-2013,907.18
Apr-16-2013,923.30
Apr-17-2013,906.80
Apr-18-2013,901.51
Apr-19-2013,912.50
Apr-22-2013,914.80
Apr-23-2013,929.36
Apr-24-2013,934.11
Apr-25-2013,940.28
Apr-26-2013,935.25
Apr-29-2013,942.43
Apr-30-2013,947.46
May-01-2013,924.21
May-02-2013,939.85
May-03-2013,954.42
May-06-2013,959.80
May-07-2013,967.82
May-08-2013,970.41
May-09-2013,966.26
May-10-2013,975.16
May-13-2013,973.79
May-14-2013,985.96
May-15-2013,988.54
May-16-2013,985.34
May-17-2013,996.28
May-20-2013,997.98
May-21-2013,998.78
May-22-2013,982.26
May-23-2013,984.28
May-24-2013,984.28
May-28-2013,997.35
May-29-2013,986.96
May-30-2013,994.43
May-31-2013,984.14
Jun-03-2013,990.53
Jun-04-2013,981.97
Jun-05-2013,968.16
Jun-06-2013,979.46
Jun-07-2013,987.62
Jun-10-2013,992.67
Jun-11-2013,981.45
Jun-12-2013,972.31
Jun-13-2013,989.69
Jun-14-2013,981.38
Jun-17-2013,987.84
Jun-18-2013,999.99
Jun-19-2013,986.50
Jun-20-2013,960.52
Jun-21-2013,963.68
Jun-24-2013,951.05
Jun-25-2013,961.26
Jun-26-2013,963.83
Jun-27-2013,979.92
Jun-28-2013,977.48
Jul-01-2013,989.84
Jul-02-2013,989.47
Jul-03-2013,991.13
Jul-05-2013,1005.39
Jul-08-2013,1009.25
Jul-09-2013,1018.05
Jul-10-2013,1020.42
Jul-11-2013,1033.18
Jul-12-2013,1036.52
Jul-15-2013,1043.30
Jul-16-2013,1038.75
Jul-17-2013,1042.53
Jul-18-2013,1050.27
Jul-19-2013,1050.48
Jul-22-2013,1053.41
Jul-23-2013,1052.20
Jul-24-2013,1043.83
Jul-25-2013,1054.18
Jul-26-2013,1048.51
Jul-29-2013,1040.66
Jul-30-2013,1043.51
Jul-31-2013,1045.26
Aug-01-2013,1059.88
Aug-02-2013,1059.86
Aug-05-2013,1063.01
Aug-06-2013,1052.14
Aug-07-2013,1044.34
Aug-08-2013,1049.47
Aug-09-2013,1048.40
Aug-12-2013,1053.67
Aug-13-2013,1051.99
Aug-14-2013,1047.80
Aug-15-2013,1027.61
Aug-16-2013,1024.30
Aug-19-2013,1013.25
Aug-20-2013,1028.57
Aug-21-2013,1021.58
Aug-22-2013,1036.20
Aug-23-2013,1038.24
Aug-26-2013,1038.47
Aug-27-2013,1013.49
Aug-28-2013,1016.50
Aug-29-2013,1026.94
Aug-30-2013,1010.90
Sep-03-2013,1016.26
Sep-04-2013,1025.58
Sep-05-2013,1028.69
Sep-06-2013,1029.55
Sep-09-2013,1046.08
Sep-10-2013,1055.72
Sep-11-2013,1055.34
Sep-12-2013,1048.48
Sep-13-2013,1053.98
Sep-16-2013,1056.25
Sep-17-2013,1066.39
Sep-18-2013,1076.97
Sep-19-2013,1075.27
Sep-20-2013,1072.83
Sep-23-2013,1072.13
Sep-24-2013,1074.68
Sep-25-2013,1073.51
Sep-26-2013,1078.41
Sep-27-2013,1074.19
Sep-30-2013,1073.79
Oct-01-2013,1087.43
Oct-02-2013,1082.55
Oct-03-2013,1070.90
Oct-04-2013,1078.25
Oct-07-2013,1065.79
Oct-08-2013,1047.26
Oct-09-2013,1043.46
Oct-10-2013,1069.50
Oct-11-2013,1084.31
Oct-14-2013,1090.30
Oct-15-2013,1079.62
Oct-16-2013,1092.42
Oct-17-2013,1102.27
Oct-18-2013,1114.77
Oct-21-2013,1112.48
Oct-22-2013,1115.63
Oct-23-2013,1110.93
Oct-24-2013,1118.84
Oct-25-2013,1118.34
Oct-28-2013,1117.97
Oct-29-2013,1121.96
Oct-30-2013,1105.50
Oct-31-2013,1100.15
Nov-01-2013,1095.67
Nov-04-2013,1108.28
Nov-05-2013,1103.59
Nov-06-2013,1098.63
Nov-07-2013,1079.09
Nov-08-2013,1099.97
Nov-11-2013,1101.50
Nov-12-2013,1101.47
Nov-13-2013,1112.18
Nov-14-2013,1111.44
Nov-15-2013,1116.20
Nov-18-2013,1107.29
Nov-19-2013,1101.38
Nov-20-2013,1099.79
Nov-21-2013,1119.62
Nov-22-2013,1124.92
Nov-25-2013,1124.72
Nov-26-2013,1134.53
Nov-27-2013,1141.33
Nov-29-2013,1142.89
Dec-02-2013,1129.12
Dec-03-2013,1123.78
Dec-04-2013,1121.38
Dec-05-2013,1122.47
Dec-06-2013,1131.38
Dec-09-2013,1129.46
Dec-10-2013,1119.69
Dec-11-2013,1101.50
Dec-12-2013,1103.27
Dec-13-2013,1107.05
Dec-16-2013,1119.85
Dec-17-2013,1118.89
Dec-18-2013,1133.72
Dec-19-2013,1125.45
Dec-20-2013,1146.47
Dec-23-2013,1157.22
Dec-24-2013,1161.80
Dec-26-2013,1162.65
Dec-27-2013,1161.09
Dec-30-2013,1160.59
Dec-31-2013,1163.64
Jan-02-2014,1150.72
Jan-03-2014,1156.09
Jan-06-2014,1147.16
Jan-07-2014,1157.63
Jan-08-2014,1157.46
Jan-09-2014,1158.35
Jan-10-2014,1164.53
Jan-13-2014,1148.06
Jan-14-2014,1163.42
Jan-15-2014,1171.35
Jan-16-2014,1173.13
Jan-17-2014,1168.43
Jan-21-2014,1175.72
Jan-22-2014,1181.29
Jan-23-2014,1172.40
Jan-24-2014,1144.13
Jan-27-2014,1127.73
Jan-28-2014,1138.24
Jan-29-2014,1122.45
Jan-30-2014,1139.36
Jan-31-2014,1130.88
Feb-03-2014,1094.58
Feb-04-2014,1102.84
Feb-05-2014,1093.59
Feb-06-2014,1103.93
Feb-07-2014,1116.55
Feb-10-2014,1118.73
Feb-11-2014,1129.16
Feb-12-2014,1132.54
Feb-13-2014,1147.79
Feb-14-2014,1149.21
Feb-18-2014,1161.48
Feb-19-2014,1149.07
Feb-20-2014,1162.12
Feb-21-2014,1164.63
Feb-24-2014,1174.55
Feb-25-2014,1173.95
Feb-26-2014,1181.72
Feb-27-2014,1187.94
Feb-28-2014,1183.03
Mar-03-2014,1176.36
Mar-04-2014,1208.65
Mar-05-2014,1205.91
Mar-06-2014,1204.55
Mar-07-2014,1203.32
Mar-10-2014,1200.54
Mar-11-2014,1187.05
Mar-12-2014,1191.37
Mar-13-2014,1176.74
Mar-14-2014,1181.41
Mar-17-2014,1188.23
Mar-18-2014,1205.04
Mar-19-2014,1195.66
Mar-20-2014,1198.97
Mar-21-2014,1193.73
Mar-24-2014,1178.24
Mar-25-2014,1178.05
Mar-26-2014,1155.49
Mar-27-2014,1151.44
Mar-28-2014,1151.81
Mar-31-2014,1173.04
Apr-01-2014,1188.70
Apr-02-2014,1192.81
Apr-03-2014,1181.12
Apr-04-2014,1153.38
Apr-07-2014,1135.78
Apr-08-2014,1144.24
Apr-09-2014,1159.96
Apr-10-2014,1127.66
Apr-11-2014,1111.44
Apr-14-2014,1115.36
Apr-15-2014,1119.50
Apr-16-2014,1131.77
Apr-17-2014,1137.90
Apr-21-2014,1142.31
Apr-22-2014,1155.61
Apr-23-2014,1147.08
Apr-24-2014,1144.35
Apr-25-2014,1123.03
Apr-28-2014,1117.06
Apr-29-2014,1120.83
Apr-30-2014,1126.86
May-01-2014,1125.97
May-02-2014,1128.80
May-05-2014,1126.31
May-06-2014,1108.01
May-07-2014,1108.55
May-08-2014,1097.43
May-09-2014,1107.22
May-12-2014,1133.65
May-13-2014,1121.16
May-14-2014,1103.14
May-15-2014,1095.99
May-16-2014,1102.91
May-19-2014,1114.43
May-20-2014,1097.90
May-21-2014,1103.63
May-22-2014,1113.87
May-23-2014,1126.19
May-27-2014,1142.20
May-28-2014,1136.68
May-29-2014,1140.07
May-30-2014,1134.50
Jun-02-2014,1128.90
Jun-03-2014,1126.15
Jun-04-2014,1131.22
Jun-05-2014,1153.94
Jun-06-2014,1165.21
Jun-09-2014,1175.88
Jun-10-2014,1172.71
Jun-11-2014,1166.71
Jun-12-2014,1159.40
Jun-13-2014,1162.68
Jun-16-2014,1166.82
Jun-17-2014,1176.62
Jun-18-2014,1183.13
Jun-19-2014,1184.03
Jun-20-2014,1188.43
Jun-23-2014,1184.95
Jun-24-2014,1173.24
Jun-25-2014,1182.68
Jun-26-2014,1180.71
Jun-27-2014,1189.50
Jun-30-2014,1192.96
Jul-01-2014,1205.95
Jul-02-2014,1199.50
Jul-03-2014,1208.15
Jul-07-2014,1186.74
Jul-08-2014,1172.15
Jul-09-2014,1173.81
Jul-10-2014,1161.86
Jul-11-2014,1159.93
Jul-14-2014,1165.62
Jul-15-2014,1153.81
Jul-16-2014,1151.55
Jul-17-2014,1133.60
Jul-18-2014,1151.61
Jul-21-2014,1146.66
Jul-22-2014,1156.15
Jul-23-2014,1158.11
Jul-24-2014,1156.26
Jul-25-2014,1144.72
Jul-28-2014,1139.50
Jul-29-2014,1141.64
Jul-30-2014,1146.57
Jul-31-2014,1120.07
Aug-01-2014,1114.86
Aug-04-2014,1124.82
Aug-05-2014,1121.56
Aug-06-2014,1125.55
Aug-07-2014,1119.76
Aug-08-2014,1131.35
Aug-11-2014,1141.93
Aug-12-2014,1133.03
Aug-13-2014,1141.78
Aug-14-2014,1143.34
Aug-15-2014,1141.65
Aug-18-2014,1158.40
Aug-19-2014,1162.47
Aug-20-2014,1157.51
Aug-21-2014,1160.03
Aug-22-2014,1160.34
Aug-25-2014,1165.22
Aug-26-2014,1175.17
Aug-27-2014,1172.71
Aug-28-2014,1165.95
Aug-29-2014,1174.35
Sep-02-2014,1179.47
Sep-03-2014,1172.20
Sep-04-2014,1167.21
Sep-05-2014,1170.13
Sep-08-2014,1172.31
Sep-09-2014,1158.50
Sep-10-2014,1164.99
Sep-11-2014,1172.34
Sep-12-2014,1160.61
Sep-15-2014,1146.52
Sep-16-2014,1150.97
Sep-17-2014,1153.89
Sep-18-2014,1159.27
Sep-19-2014,1146.92
Sep-22-2014,1129.36
Sep-23-2014,1118.72
Sep-24-2014,1128.31
Sep-25-2014,1110.24
Sep-26-2014,1119.33
Sep-29-2014,1117.91
Sep-30-2014,1101.68
Oct-01-2014,1085.41
Oct-02-2014,1096.38
Oct-03-2014,1104.74
Oct-06-2014,1094.65
Oct-07-2014,1076.31
Oct-08-2014,1097.12
Oct-09-2014,1067.99
Oct-10-2014,1053.32
Oct-13-2014,1049.30
Oct-14-2014,1061.60
Oct-15-2014,1072.45
Oct-16-2014,1086.11
Oct-17-2014,1082.33
Oct-20-2014,1094.97
Oct-21-2014,1112.85
Oct-22-2014,1096.87
Oct-23-2014,1116.49
Oct-24-2014,1118.82
Oct-27-2014,1117.48
Oct-28-2014,1149.45
Oct-29-2014,1146.37
Oct-30-2014,1155.77
Oct-31-2014,1173.51
Nov-03-2014,1170.20
Nov-04-2014,1165.42
Nov-05-2014,1167.07
Nov-06-2014,1171.86
Nov-07-2014,1173.32
Nov-10-2014,1179.57
Nov-11-2014,1179.96
Nov-12-2014,1186.47
Nov-13-2014,1175.42
Nov-14-2014,1173.81
Nov-17-2014,1164.24
Nov-18-2014,1170.28
Nov-19-2014,1157.69
Nov-20-2014,1170.75
Nov-21-2014,1172.42
Nov-24-2014,1186.94
Nov-25-2014,1186.33
Nov-26-2014,1190.62
Nov-28-2014,1173.23
Dec-01-2014,1154.05
Dec-02-2014,1168.46
Dec-03-2014,1179.01
Dec-04-2014,1173.01
Dec-05-2014,1182.43
Dec-08-2014,1167.21
Dec-09-2014,1188.06
Dec-10-2014,1161.87
Dec-11-2014,1166.96
Dec-12-2014,1152.45
Dec-15-2014,1140.30
Dec-16-2014,1139.38
Dec-17-2014,1174.83
Dec-18-2014,1192.16
Dec-19-2014,1195.94
Dec-22-2014,1201.86
Dec-23-2014,1202.44
Dec-24-2014,1206.79
Dec-26-2014,1215.21
Dec-29-2014,1219.11
Dec-30-2014,1213.06
Dec-31-2014,1204.70
Jan-02-2015,1198.80
Jan-05-2015,1181.35
Jan-06-2015,1161.31
Jan-07-2015,1175.97
Jan-08-2015,1196.12
Jan-09-2015,1185.68
Jan-12-2015,1180.09
Jan-13-2015,1180.64
Jan-14-2015,1177.06
Jan-15-2015,1154.71
Jan-16-2015,1176.66
Jan-20-2015,1170.25
Jan-21-2015,1166.25
Jan-22-2015,1190.37
Jan-23-2015,1188.93
Jan-26-2015,1200.74
Jan-27-2015,1194.66
Jan-28-2015,1175.12
Jan-29-2015,1190.18
Jan-30-2015,1165.39
Feb-02-2015,1175.52
Feb-03-2015,1196.99
Feb-04-2015,1191.44
Feb-05-2015,1208.71
Feb-06-2015,1205.46
Feb-09-2015,1195.83
Feb-10-2015,1203.18
Feb-11-2015,1201.56
Feb-12-2015,1216.27
Feb-13-2015,1223.13
Feb-17-2015,1225.01
Feb-18-2015,1227.96
Feb-19-2015,1227.91
Feb-20-2015,1231.79
Feb-23-2015,1231.83
Feb-24-2015,1233.98
Feb-25-2015,1235.10
Feb-26-2015,1239.11
Feb-27-2015,1233.37
Mar-02-2015,1242.62
Mar-03-2015,1234.76
Mar-04-2015,1230.73
Mar-05-2015,1234.31
Mar-06-2015,1217.52
Mar-09-2015,1223.59
Mar-10-2015,1208.47
Mar-11-2015,1215.78
Mar-12-2015,1236.64
Mar-13-2015,1232.14
Mar-16-2015,1239.78
Mar-17-2015,1242.23
Mar-18-2015,1252.14
Mar-19-2015,1254.86
Mar-20-2015,1266.37
Mar-23-2015,1264.71
Mar-24-2015,1263.46
Mar-25-2015,1233.86
Mar-26-2015,1231.99
Mar-27-2015,1240.41
Mar-30-2015,1257.80
Mar-31-2015,1252.77
Apr-01-2015,1251.71
Apr-02-2015,1255.66
Apr-06-2015,1260.54
Apr-07-2015,1253.36
Apr-08-2015,1262.71
Apr-09-2015,1259.11
Apr-10-2015,1264.78
Apr-13-2015,1265.59
Apr-14-2015,1265.35
Apr-15-2015,1275.35
Apr-16-2015,1272.90
Apr-17-2015,1251.86
Apr-20-2015,1264.92
Apr-21-2015,1264.15
Apr-22-2015,1265.48
Apr-23-2015,1271.54
Apr-24-2015,1267.54
Apr-27-2015,1252.70
Apr-28-2015,1259.36
Apr-29-2015,1246.96
Apr-30-2015,1220.13
May-01-2015,1228.11
May-04-2015,1233.22
May-05-2015,1215.42
May-06-2015,1219.36
May-07-2015,1225.54
May-08-2015,1234.93
May-11-2015,1235.83
May-12-2015,1233.13
May-13-2015,1232.28
May-14-2015,1245.11
May-15-2015,1243.95
May-18-2015,1257.52
May-19-2015,1255.66
May-20-2015,1257.74
May-21-2015,1256.74
May-22-2015,1252.22
May-26-2015,1238.76
May-27-2015,1254.36
May-28-2015,1253.10
May-29-2015,1246.53
Jun-01-2015,1249.62
Jun-02-2015,1251.80
Jun-03-2015,1264.58
Jun-04-2015,1251.29
Jun-05-2015,1261.01
Jun-08-2015,1253.70
Jun-09-2015,1249.66
Jun-10-2015,1266.93
Jun-11-2015,1268.92
Jun-12-2015,1265.02
Jun-15-2015,1261.04
Jun-16-2015,1269.53
Jun-17-2015,1268.33
Jun-18-2015,1284.68
Jun-19-2015,1284.66
Jun-22-2015,1292.39
Jun-23-2015,1295.80
Jun-24-2015,1283.92
Jun-25-2015,1283.28
Jun-26-2015,1279.79
Jun-29-2015,1246.75
Jun-30-2015,1253.95
Jul-01-2015,1256.40
Jul-02-2015,1248.26
Jul-06-2015,1246.96
Jul-07-2015,1248.05
Jul-08-2015,1228.97
Jul-09-2015,1234.15
Jul-10-2015,1252.02
Jul-13-2015,1265.35
Jul-14-2015,1273.33
Jul-15-2015,1264.52
Jul-16-2015,1272.83
Jul-17-2015,1267.09
Jul-20-2015,1260.23
Jul-21-2015,1254.57
Jul-22-2015,1258.35
Jul-23-2015,1244.97
Jul-24-2015,1225.99
Jul-27-2015,1214.61
Jul-28-2015,1224.60
Jul-29-2015,1229.60
Jul-30-2015,1232.07
Jul-31-2015,1238.68
Aug-03-2015,1231.79
Aug-04-2015,1228.85
Aug-05-2015,1231.75
Aug-06-2015,1215.85
Aug-07-2015,1206.90
Aug-10-2015,1222.67
Aug-11-2015,1211.14
Aug-12-2015,1208.98
Aug-13-2015,1204.74
Aug-14-2015,1212.69
Aug-17-2015,1225.09
Aug-18-2015,1214.89
Aug-19-2015,1202.98
Aug-20-2015,1172.52
Aug-21-2015,1156.79
Aug-24-2015,1111.69
Aug-25-2015,1104.10
Aug-26-2015,1132.19
Aug-27-2015,1153.61
Aug-28-2015,1162.91
Aug-31-2015,1159.46
Sep-01-2015,1128.05
Sep-02-2015,1146.03
Sep-03-2015,1145.15
Sep-04-2015,1136.17
Sep-08-2015,1161.76
Sep-09-2015,1148.23
Sep-10-2015,1153.03
Sep-11-2015,1157.79
Sep-14-2015,1153.50
Sep-15-2015,1166.00
Sep-16-2015,1175.20
Sep-17-2015,1180.69
Sep-18-2015,1163.37
Sep-21-2015,1161.09
Sep-22-2015,1143.03
Sep-23-2015,1140.05
Sep-24-2015,1137.54
Sep-25-2015,1122.79
Sep-28-2015,1090.57
Sep-29-2015,1083.91
Sep-30-2015,1100.69
Oct-01-2015,1097.55
Oct-02-2015,1114.12
Oct-05-2015,1141.64
Oct-06-2015,1133.69
Oct-07-2015,1152.60
Oct-08-2015,1163.24
Oct-09-2015,1165.36
Oct-12-2015,1164.41
Oct-13-2015,1147.84
Oct-14-2015,1136.97
Oct-15-2015,1162.77
Oct-16-2015,1162.31
Oct-19-2015,1164.30
Oct-20-2015,1163.27
Oct-21-2015,1144.95
Oct-22-2015,1154.52
Oct-23-2015,1166.06
Oct-26-2015,1159.50
Oct-27-2015,1145.29
Oct-28-2015,1178.72
Oct-29-2015,1165.63
Oct-30-2015,1161.86
Nov-02-2015,1186.09
Nov-03-2015,1191.58
Nov-04-2015,1190.39
Nov-05-2015,1190.69
Nov-06-2015,1199.75
Nov-09-2015,1184.43
Nov-10-2015,1187.70
Nov-11-2015,1178.07
Nov-12-2015,1154.81
Nov-13-2015,1146.55
Nov-16-2015,1156.08
Nov-17-2015,1153.21
Nov-18-2015,1171.75
Nov-19-2015,1166.73
Nov-20-2015,1175.15
Nov-23-2015,1180.36
Nov-24-2015,1188.81
Nov-25-2015,1198.02
Nov-27-2015,1202.38
Nov-30-2015,1198.11
Dec-01-2015,1204.16
Dec-02-2015,1191.69
Dec-03-2015,1170.57
Dec-04-2015,1183.40
Dec-07-2015,1164.30
Dec-08-2015,1159.40
Dec-09-2015,1145.87
Dec-10-2015,1149.02
Dec-11-2015,1123.61
Dec-14-2015,1115.86
Dec-15-2015,1131.55
Dec-16-2015,1148.97
Dec-17-2015,1135.36
Dec-18-2015,1121.02
Dec-21-2015,1127.74
Dec-22-2015,1137.69
Dec-23-2015,1152.82
Dec-24-2015,1154.76
Dec-28-2015,1148.21
Dec-29-2015,1160.52
Dec-30-2015,1149.64
Dec-31-2015,1135.89
Jan-04-2016,1108.63
Jan-05-2016,1110.44
Jan-06-2016,1094.37
Jan-07-2016,1064.57
Jan-08-2016,1046.20
Jan-11-2016,1041.90
Jan-12-2016,1044.70
Jan-13-2016,1010.19
Jan-14-2016,1025.67
Jan-15-2016,1007.73
Jan-19-2016,994.87
Jan-20-2016,999.32
Jan-21-2016,997.34
Jan-22-2016,1020.66
Jan-25-2016,997.37
Jan-26-2016,1017.97
Jan-27-2016,1002.75
Jan-28-2016,1003.27
Jan-29-2016,1035.38
Feb-01-2016,1032.39
Feb-02-2016,1008.84
Feb-03-2016,1010.30
Feb-04-2016,1014.79
Feb-05-2016,985.62
Feb-08-2016,969.34
Feb-09-2016,963.90
Feb-10-2016,963.48
Feb-11-2016,953.72
Feb-12-2016,971.99
Feb-16-2016,995.80
Feb-17-2016,1011.13
Feb-18-2016,1004.71
Feb-19-2016,1010.01
Feb-22-2016,1021.74
Feb-23-2016,1012.15
Feb-24-2016,1022.08
Feb-25-2016,1031.58
Feb-26-2016,1037.18
Feb-29-2016,1033.90
Mar-01-2016,1054.49
Mar-02-2016,1065.67
Mar-03-2016,1076.05
Mar-04-2016,1081.94
Mar-07-2016,1094.15
Mar-08-2016,1067.88
Mar-09-2016,1072.77
Mar-10-2016,1063.99
Mar-11-2016,1087.56
Mar-14-2016,1084.25
Mar-15-2016,1066.67
Mar-16-2016,1074.51
Mar-17-2016,1091.25
Mar-18-2016,1101.67
Mar-21-2016,1098.58
Mar-22-2016,1097.34
Mar-23-2016,1075.70
Mar-24-2016,1079.54
Mar-28-2016,1080.23
Mar-29-2016,1109.08
Mar-30-2016,1110.44
Mar-31-2016,1114.03
Apr-01-2016,1117.68
Apr-04-2016,1108.54
Apr-05-2016,1095.85
Apr-06-2016,1108.81
Apr-07-2016,1092.79
Apr-08-2016,1097.31
Apr-11-2016,1094.34
Apr-12-2016,1105.71
Apr-13-2016,1129.93
Apr-14-2016,1128.59
Apr-15-2016,1130.92
Apr-18-2016,1139.28
Apr-19-2016,1140.23
Apr-20-2016,1142.29
Apr-21-2016,1135.77
Apr-22-2016,1146.69
Apr-25-2016,1138.10
Apr-26-2016,1150.73
Apr-27-2016,1154.15
Apr-28-2016,1140.40
Apr-29-2016,1130.85
May-02-2016,1140.92
May-03-2016,1121.76
May-04-2016,1113.14
May-05-2016,1107.95
May-06-2016,1114.72
May-09-2016,1118.25
May-10-2016,1128.83
May-11-2016,1114.74
May-12-2016,1108.60
May-13-2016,1102.44
May-16-2016,1116.21
May-17-2016,1097.68
May-18-2016,1102.95
May-19-2016,1094.78
May-20-2016,1112.28
May-23-2016,1111.37
May-24-2016,1135.31
May-25-2016,1141.02
May-26-2016,1139.75
May-27-2016,1150.45
May-31-2016,1154.79
Jun-01-2016,1163.04
Jun-02-2016,1170.58
Jun-03-2016,1164.14
Jun-06-2016,1176.87
Jun-07-2016,1179.97
Jun-08-2016,1188.95
Jun-09-2016,1181.20
Jun-10-2016,1163.93
Jun-13-2016,1150.70
Jun-14-2016,1147.82
Jun-15-2016,1149.30
Jun-16-2016,1148.19
Jun-17-2016,1144.70
Jun-20-2016,1157.70
Jun-21-2016,1153.87
Jun-22-2016,1148.97
Jun-23-2016,1172.22
Jun-24-2016,1127.54
Jun-27-2016,1089.65
Jun-28-2016,1107.30
Jun-29-2016,1131.62
Jun-30-2016,1151.92
Jul-01-2016,1156.77
Jul-05-2016,1139.45
Jul-06-2016,1147.33
Jul-07-2016,1149.76
Jul-08-2016,1177.36
Jul-11-2016,1190.03
Jul-12-2016,1205.89
Jul-13-2016,1201.16
Jul-14-2016,1202.17
Jul-15-2016,1205.31
Jul-18-2016,1207.91
Jul-19-2016,1200.45
Jul-20-2016,1209.74
Jul-21-2016,1203.86
Jul-22-2016,1212.89
Jul-25-2016,1209.82
Jul-26-2016,1216.86
Jul-27-2016,1218.93
Jul-28-2016,1217.33
Jul-29-2016,1219.94
Aug-01-2016,1219.13
Aug-02-2016,1202.35
Aug-03-2016,1212.73
Aug-04-2016,1213.76
Aug-05-2016,1231.30
Aug-08-2016,1230.42
Aug-09-2016,1231.75
Aug-10-2016,1223.27
Aug-11-2016,1229.12
Aug-12-2016,1229.82
Aug-15-2016,1241.86
Aug-16-2016,1231.13
Aug-17-2016,1227.68
Aug-18-2016,1236.85
Aug-19-2016,1236.77
Aug-22-2016,1239.74
Aug-23-2016,1248.58
Aug-24-2016,1237.25
Aug-25-2016,1240.01
Aug-26-2016,1238.03
Aug-29-2016,1244.94
Aug-30-2016,1246.03
Aug-31-2016,1239.91
Sep-01-2016,1239.80
Sep-02-2016,1251.83
Sep-06-2016,1253.37
Sep-07-2016,1261.01
Sep-08-2016,1258.36
Sep-09-2016,1219.21
Sep-12-2016,1235.87
Sep-13-2016,1212.32
Sep-14-2016,1211.59
Sep-15-2016,1227.02
Sep-16-2016,1224.78
Sep-19-2016,1232.53
Sep-20-2016,1228.33
Sep-21-2016,1245.04
Sep-22-2016,1263.44
Sep-23-2016,1254.62
Sep-26-2016,1240.94
Sep-27-2016,1246.38
Sep-28-2016,1255.67
Sep-29-2016,1237.75
Sep-30-2016,1251.65
Oct-03-2016,1245.78
Oct-04-2016,1239.78
Oct-05-2016,1248.37
Oct-06-2016,1246.24
Oct-07-2016,1236.56
Oct-10-2016,1250.76
Oct-11-2016,1227.62
Oct-12-2016,1227.23
Oct-13-2016,1215.75
Oct-14-2016,1212.41
Oct-17-2016,1210.14
Oct-18-2016,1217.30
Oct-19-2016,1222.64
Oct-20-2016,1219.79
Oct-21-2016,1218.10
Oct-24-2016,1226.45
Oct-25-2016,1216.10
Oct-26-2016,1204.75
Oct-27-2016,1189.95
Oct-28-2016,1187.61
Oct-31-2016,1191.39
Nov-01-2016,1177.94
Nov-02-2016,1162.53
Nov-03-2016,1156.89
Nov-04-2016,1163.44
Nov-07-2016,1192.25
Nov-08-2016,1195.14
Nov-09-2016,1232.16
Nov-10-2016,1251.61
Nov-11-2016,1282.38
Nov-14-2016,1298.60
Nov-15-2016,1302.14
Nov-16-2016,1302.20
Nov-17-2016,1309.49
Nov-18-2016,1315.64
Nov-21-2016,1322.23
Nov-22-2016,1334.34
Nov-23-2016,1342.09
Nov-25-2016,1347.20
Nov-28-2016,1329.83
Nov-29-2016,1328.22
Nov-30-2016,1322.34
Dec-01-2016,1313.80
Dec-02-2016,1314.25
Dec-05-2016,1337.79
Dec-06-2016,1352.67
Dec-07-2016,1364.51
Dec-08-2016,1386.37
Dec-09-2016,1388.07
Dec-12-2016,1373.14
Dec-13-2016,1373.53
Dec-14-2016,1356.02
Dec-15-2016,1366.41
Dec-16-2016,1364.40
Dec-19-2016,1371.68
Dec-20-2016,1383.96
Dec-21-2016,1375.19
Dec-22-2016,1362.66
Dec-23-2016,1371.51
Dec-27-2016,1377.71
Dec-28-2016,1360.83
Dec-29-2016,1363.18
Dec-30-2016,1357.13
Jan-03-2017,1365.49
Jan-04-2017,1387.95
Jan-05-2017,1371.94
Jan-06-2017,1367.28
Jan-09-2017,1357.49
Jan-10-2017,1370.90
Jan-11-2017,1373.30
Jan-12-2017,1361.07
Jan-13-2017,1372.05
Jan-17-2017,1352.32
Jan-18-2017,1358.56
Jan-19-2017,1345.74
Jan-20-2017,1351.85
Jan-23-2017,1347.84
Jan-24-2017,1369.21
Jan-25-2017,1382.44
Jan-26-2017,1375.60
Jan-27-2017,1370.70
Jan-30-2017,1352.33
Jan-31-2017,1361.82
Feb-01-2017,1361.23
Feb-02-2017,1357.43
Feb-03-2017,1377.84
Feb-06-2017,1366.66
Feb-07-2017,1361.06
Feb-08-2017,1358.74
Feb-09-2017,1378.53
Feb-10-2017,1388.84
Feb-13-2017,1392.38
Feb-14-2017,1396.65
Feb-15-2017,1404.21
Feb-16-2017,1399.13
Feb-17-2017,1399.86
Feb-21-2017,1410.34
Feb-22-2017,1403.86
Feb-23-2017,1394.62
Feb-24-2017,1394.53
Feb-27-2017,1407.97
Feb-28-2017,1386.68
Mar-01-2017,1413.64
Mar-02-2017,1395.67
Mar-03-2017,1394.13
Mar-06-2017,1384.25
Mar-07-2017,1374.88
Mar-08-2017,1366.04
Mar-09-2017,1360.12
Mar-10-2017,1365.27
Mar-13-2017,1370.29
Mar-14-2017,1362.38
Mar-15-2017,1382.83
Mar-16-2017,1386.03
Mar-17-2017,1391.52
Mar-20-2017,1384.10
Mar-21-2017,1346.55
Mar-22-2017,1345.60
Mar-23-2017,1353.43
Mar-24-2017,1354.64
Mar-27-2017,1357.32
Mar-28-2017,1367.26
Mar-29-2017,1371.65
Mar-30-2017,1382.35
Mar-31-2017,1385.92
Apr-03-2017,1369.67
Apr-04-2017,1368.18
Apr-05-2017,1352.14
Apr-06-2017,1364.43
Apr-07-2017,1364.56
Apr-10-2017,1367.09
Apr-11-2017,1376.95
Apr-12-2017,1359.20
Apr-13-2017,1345.24
Apr-17-2017,1361.18
Apr-18-2017,1361.90
Apr-19-2017,1367.13
Apr-20-2017,1384.15
Apr-21-2017,1379.85
Apr-24-2017,1397.94
Apr-25-2017,1411.08
Apr-26-2017,1419.43
Apr-27-2017,1417.13
Apr-28-2017,1400.43
May-01-2017,1407.36
May-02-2017,1399.36
May-03-2017,1390.92
May-04-2017,1388.85
May-05-2017,1397.00
May-08-2017,1391.64
May-09-2017,1391.86
May-10-2017,1399.59
May-11-2017,1390.20
May-12-2017,1382.77
May-15-2017,1393.92
May-16-2017,1394.68
May-17-2017,1355.89
May-18-2017,1361.08
May-19-2017,1367.33
May-22-2017,1377.14
May-23-2017,1380.98
May-24-2017,1382.51
May-25-2017,1383.39
May-26-2017,1382.24
May-30-2017,1371.19
May-31-2017,1370.21
Jun-01-2017,1396.06
Jun-02-2017,1405.39
Jun-05-2017,1396.45
Jun-06-2017,1394.90
Jun-07-2017,1396.67
Jun-08-2017,1415.61
Jun-09-2017,1421.71
Jun-12-2017,1419.21
Jun-13-2017,1425.99
Jun-14-2017,1417.57
Jun-15-2017,1410.08
Jun-16-2017,1406.73
Jun-19-2017,1418.08
Jun-20-2017,1402.97
Jun-21-2017,1399.25
Jun-22-2017,1404.54
Jun-23-2017,1414.78
Jun-26-2017,1416.64
Jun-27-2017,1403.52
Jun-28-2017,1425.27
Jun-29-2017,1416.20
Jun-30-2017,1415.36
Jul-03-2017,1426.68
Jul-05-2017,1420.15
Jul-06-2017,1400.82
Jul-07-2017,1415.84
Jul-10-2017,1408.48
Jul-11-2017,1413.05
Jul-12-2017,1424.32
Jul-13-2017,1425.66
Jul-14-2017,1428.82
Jul-17-2017,1431.60
Jul-18-2017,1427.61
Jul-19-2017,1441.77
Jul-20-2017,1442.35
Jul-21-2017,1435.84
Jul-24-2017,1438.06
Jul-25-2017,1450.39
Jul-26-2017,1442.28
Jul-27-2017,1433.62
Jul-28-2017,1429.26
Jul-31-2017,1425.14
Aug-01-2017,1428.33
Aug-02-2017,1412.90
Aug-03-2017,1405.23
Aug-04-2017,1412.32
Aug-07-2017,1414.17
Aug-08-2017,1410.15
Aug-09-2017,1396.95
Aug-10-2017,1372.54
Aug-11-2017,1374.23
Aug-14-2017,1394.31
Aug-15-2017,1383.24
Aug-16-2017,1383.53
Aug-17-2017,1358.94
Aug-18-2017,1357.79
Aug-21-2017,1356.91
Aug-22-2017,1371.54
Aug-23-2017,1369.74
Aug-24-2017,1373.88
Aug-25-2017,1377.45
Aug-28-2017,1382.23
Aug-29-2017,1383.68
Aug-30-2017,1391.32
Aug-31-2017,1405.28
Sep-01-2017,1413.57
Sep-05-2017,1399.66
Sep-06-2017,1402.20
Sep-07-2017,1398.67
Sep-08-2017,1399.43
Sep-11-2017,1414.83
Sep-12-2017,1423.46
Sep-13-2017,1426.89
Sep-14-2017,1425.02
Sep-15-2017,1431.71
Sep-18-2017,1441.08
Sep-19-2017,1440.40
Sep-20-2017,1445.42
Sep-21-2017,1444.18
Sep-22-2017,1450.78
Sep-25-2017,1451.96
Sep-26-2017,1456.86
Sep-27-2017,1484.81
Sep-28-2017,1488.79
Sep-29-2017,1490.86
Oct-02-2017,1509.47
Oct-03-2017,1511.97
Oct-04-2017,1507.77
Oct-05-2017,1512.09
Oct-06-2017,1510.22
Oct-09-2017,1503.56
Oct-10-2017,1508.01
Oct-11-2017,1506.93
Oct-12-2017,1505.16
Oct-13-2017,1502.66
Oct-16-2017,1502.68
Oct-17-2017,1497.50
Oct-18-2017,1505.14
Oct-19-2017,1502.04
Oct-20-2017,1509.25
Oct-23-2017,1497.49
Oct-24-2017,1500.42
Oct-25-2017,1493.48
Oct-26-2017,1497.46
Oct-27-2017,1508.32
Oct-30-2017,1490.90
Oct-31-2017,1502.53
Nov-01-2017,1492.78
Nov-02-2017,1496.55
Nov-03-2017,1494.91
Nov-06-2017,1497.96
Nov-07-2017,1479.09
Nov-08-2017,1481.73
Nov-09-2017,1475.02
Nov-10-2017,1475.28
Nov-13-2017,1475.07
Nov-14-2017,1471.26
Nov-15-2017,1464.10
Nov-16-2017,1486.88
Nov-17-2017,1492.82
Nov-20-2017,1503.40
Nov-21-2017,1518.89
Nov-22-2017,1516.76
Nov-24-2017,1519.16
Nov-27-2017,1513.31
Nov-28-2017,1536.43
Nov-29-2017,1542.30
Nov-30-2017,1544.14
Dec-01-2017,1537.02
Dec-04-2017,1532.41
Dec-05-2017,1516.76
Dec-06-2017,1508.88
Dec-07-2017,1520.47
Dec-08-2017,1521.73
Dec-11-2017,1519.84
Dec-12-2017,1516.12
Dec-13-2017,1524.45
Dec-14-2017,1506.95
Dec-15-2017,1530.43
Dec-18-2017,1548.93
Dec-19-2017,1536.75
Dec-20-2017,1540.08
Dec-21-2017,1547.11
Dec-22-2017,1542.93
Dec-26-2017,1544.23
Dec-27-2017,1543.94
Dec-28-2017,1548.93
Dec-29-2017,1535.51
Jan-02-2018,1550.01
Jan-03-2018,1552.58
Jan-04-2018,1555.72
Jan-05-2018,1560.01
Jan-08-2018,1561.81
Jan-09-2018,1560.10
Jan-10-2018,1559.80
Jan-11-2018,1586.79
Jan-12-2018,1591.97
Jan-16-2018,1572.97
Jan-17-2018,1586.66
Jan-18-2018,1576.73
Jan-19-2018,1597.63
Jan-22-2018,1605.17
Jan-23-2018,1610.71
Jan-24-2018,1599.61
Jan-25-2018,1601.67
Jan-26-2018,1608.06
Jan-29-2018,1598.11
Jan-30-2018,1582.82
Jan-31-2018,1574.98
Feb-01-2018,1579.87
Feb-02-2018,1547.27
Feb-05-2018,1491.09
Feb-06-2018,1507.17
Feb-07-2018,1507.97
Feb-08-2018,1463.79
Feb-09-2018,1477.84
Feb-12-2018,1490.98
Feb-13-2018,1494.95
Feb-14-2018,1522.10
Feb-15-2018,1537.20
Feb-16-2018,1543.55
Feb-20-2018,1529.99
Feb-21-2018,1531.84
Feb-22-2018,1529.99
Feb-23-2018,1549.19
Feb-26-2018,1559.33
Feb-27-2018,1536.47
Feb-28-2018,1512.45
Mar-01-2018,1507.39
Mar-02-2018,1533.17
Mar-05-2018,1546.05
Mar-06-2018,1562.20
Mar-07-2018,1574.53
Mar-08-2018,1571.97
Mar-09-2018,1597.14
Mar-12-2018,1601.06
Mar-13-2018,1592.05
Mar-14-2018,1584.31
Mar-15-2018,1576.62
Mar-16-2018,1586.05
Mar-19-2018,1570.56
Mar-20-2018,1570.41
Mar-21-2018,1579.30
Mar-22-2018,1543.87
Mar-23-2018,1510.08
Mar-26-2018,1543.72
Mar-27-2018,1513.57
Mar-28-2018,1513.03
Mar-29-2018,1529.43
Apr-02-2018,1492.53
Apr-03-2018,1512.16
Apr-04-2018,1531.67
Apr-05-2018,1542.93
Apr-06-2018,1513.30
Apr-09-2018,1514.46
Apr-10-2018,1543.43
Apr-11-2018,1546.81
Apr-12-2018,1557.33
Apr-13-2018,1549.51
Apr-16-2018,1563.03
Apr-17-2018,1579.80
Apr-18-2018,1583.56
Apr-19-2018,1573.82
Apr-20-2018,1564.12
Apr-23-2018,1562.12
Apr-24-2018,1553.28
Apr-25-2018,1550.47
Apr-26-2018,1557.90
Apr-27-2018,1556.24
Apr-30-2018,1541.88
May-01-2018,1550.33
May-02-2018,1554.91
May-03-2018,1546.56
May-04-2018,1565.60
May-07-2018,1578.95
May-08-2018,1586.39
May-09-2018,1596.05
May-10-2018,1603.71
May-11-2018,1606.79
May-14-2018,1600.34
May-15-2018,1600.34
May-16-2018,1616.37
May-17-2018,1625.29
May-18-2018,1626.63
May-21-2018,1637.44
May-22-2018,1625.24
May-23-2018,1627.61
May-24-2018,1628.22
May-25-2018,1626.93
May-29-2018,1623.65
May-30-2018,1647.99
May-31-2018,1633.61
Jun-01-2018,1647.98
Jun-04-2018,1653.37
Jun-05-2018,1664.63
Jun-06-2018,1675.95
Jun-07-2018,1667.78
Jun-08-2018,1672.49
Jun-11-2018,1674.68
Jun-12-2018,1682.30
Jun-13-2018,1676.54
Jun-14-2018,1684.73
Jun-15-2018,1683.91
Jun-18-2018,1692.46
Jun-19-2018,1693.45
Jun-20-2018,1706.99
Jun-21-2018,1688.95
Jun-22-2018,1685.58
Jun-25-2018,1657.51
Jun-26-2018,1668.53
Jun-27-2018,1640.45
Jun-28-2018,1645.02
Jun-29-2018,1643.07
Jul-02-2018,1655.09
Jul-03-2018,1660.42
Jul-05-2018,1679.48
Jul-06-2018,1694.05
Jul-09-2018,1704.60
Jul-10-2018,1695.62
Jul-11-2018,1683.66
Jul-12-2018,1690.28
Jul-13-2018,1687.08
Jul-16-2018,1678.54
Jul-17-2018,1687.26
Jul-18-2018,1691.87
Jul-19-2018,1701.31
Jul-20-2018,1696.81
Jul-23-2018,1698.41
Jul-24-2018,1680.20
Jul-25-2018,1685.20
Jul-26-2018,1695.36
Jul-27-2018,1663.34
Jul-30-2018,1653.13
Jul-31-2018,1670.81
Aug-01-2018,1669.26
Aug-02-2018,1682.10
Aug-03-2018,1673.37
Aug-06-2018,1684.31
Aug-07-2018,1688.30
Aug-08-2018,1686.88
Aug-09-2018,1690.89
Aug-10-2018,1686.80
Aug-13-2018,1675.32
Aug-14-2018,1692.58
Aug-15-2018,1670.67
Aug-16-2018,1685.75
Aug-17-2018,1692.95
Aug-20-2018,1698.69
Aug-21-2018,1718.05
Aug-22-2018,1722.54
Aug-23-2018,1717.05
Aug-24-2018,1725.67
Aug-27-2018,1728.41
Aug-28-2018,1728.42
Aug-29-2018,1734.75
Aug-30-2018,1732.35
Aug-31-2018,1740.75
Sep-04-2018,1733.38
Sep-05-2018,1727.65
Sep-06-2018,1714.47
Sep-07-2018,1713.18
Sep-10-2018,1717.47
Sep-11-2018,1718.40
Sep-12-2018,1715.70
Sep-13-2018,1714.32
Sep-14-2018,1721.72
Sep-17-2018,1703.55
Sep-18-2018,1710.97
Sep-19-2018,1702.93
Sep-20-2018,1720.18
Sep-21-2018,1712.32
Sep-24-2018,1705.32
Sep-25-2018,1708.81
Sep-26-2018,1691.61
Sep-27-2018,1690.53
Sep-28-2018,1696.57
Oct-01-2018,1672.99
Oct-02-2018,1656.04
Oct-03-2018,1671.29
Oct-04-2018,1646.91
Oct-05-2018,1632.11
Oct-08-2018,1629.52
Oct-09-2018,1621.87
Oct-10-2018,1575.41
Oct-11-2018,1545.38
Oct-12-2018,1546.68
Oct-15-2018,1553.10
Oct-16-2018,1596.84
Oct-17-2018,1589.60
Oct-18-2018,1560.75
Oct-19-2018,1542.04
Oct-22-2018,1539.50
Oct-23-2018,1526.59
Oct-24-2018,1468.70
Oct-25-2018,1500.40
Oct-26-2018,1483.82
Oct-29-2018,1477.31
Oct-30-2018,1506.64
Oct-31-2018,1511.41
Nov-01-2018,1544.98
Nov-02-2018,1547.98
Nov-05-2018,1547.51
Nov-06-2018,1556.10
Nov-07-2018,1582.16
Nov-08-2018,1578.21
Nov-09-2018,1549.49
Nov-12-2018,1518.79
Nov-13-2018,1514.80
Nov-14-2018,1502.51
Nov-15-2018,1524.12
Nov-16-2018,1527.53
Nov-19-2018,1496.54
Nov-20-2018,1469.01
Nov-21-2018,1488.28
Nov-23-2018,1488.68
Nov-26-2018,1505.96
Nov-27-2018,1492.86
Nov-28-2018,1530.38
Nov-29-2018,1525.39
Nov-30-2018,1533.27
Dec-03-2018,1548.96
Dec-04-2018,1480.75
Dec-06-2018,1477.41
Dec-07-2018,1448.09
Dec-10-2018,1443.10
Dec-11-2018,1440.13
Dec-12-2018,1455.32
Dec-13-2018,1432.70
Dec-14-2018,1410.81
Dec-17-2018,1378.14
Dec-18-2018,1377.18
Dec-19-2018,1349.23
Dec-20-2018,1326.00
Dec-21-2018,1292.09
Dec-24-2018,1266.93
Dec-26-2018,1329.81
Dec-27-2018,1331.82
Dec-28-2018,1337.92
Dec-31-2018,1348.56
Jan-02-2019,1355.91
Jan-03-2019,1330.83
Jan-04-2019,1380.75
Jan-07-2019,1405.37
Jan-08-2019,1426.55
Jan-09-2019,1438.81
Jan-10-2019,1445.43
Jan-11-2019,1447.39
Jan-14-2019,1432.81
Jan-15-2019,1445.22
Jan-16-2019,1454.70
Jan-17-2019,1467.25
Jan-18-2019,1482.50
Jan-22-2019,1457.45
Jan-23-2019,1454.26
Jan-24-2019,1464.41
Jan-25-2019,1482.85
Jan-28-2019,1473.54
Jan-29-2019,1471.45
Jan-30-2019,1486.94
Jan-31-2019,1499.42
Feb-01-2019,1502.05
Feb-04-2019,1517.54
Feb-05-2019,1520.23
Feb-06-2019,1518.02
Feb-07-2019,1505.63
Feb-08-2019,1506.39
Feb-11-2019,1518.98
Feb-12-2019,1538.23
Feb-13-2019,1542.94
Feb-14-2019,1545.11
Feb-15-2019,1569.25
Feb-19-2019,1574.47
Feb-20-2019,1581.66
Feb-21-2019,1575.55
Feb-22-2019,1590.06
Feb-25-2019,1588.81
Feb-26-2019,1577.48
Feb-27-2019,1581.05
Feb-28-2019,1575.55
Mar-01-2019,1589.64
Mar-04-2019,1575.44
Mar-05-2019,1568.28
Mar-06-2019,1536.82
Mar-07-2019,1523.63
Mar-08-2019,1521.88
Mar-11-2019,1548.88
Mar-12-2019,1549.84
Mar-13-2019,1555.88
Mar-14-2019,1549.64
Mar-15-2019,1553.54
Mar-18-2019,1563.93
Mar-19-2019,1554.99
Mar-20-2019,1543.16
Mar-21-2019,1562.41
Mar-22-2019,1505.92
Mar-25-2019,1512.86
Mar-26-2019,1528.17
Mar-27-2019,1522.23
Mar-28-2019,1535.10
Mar-29-2019,1539.74
Apr-01-2019,1556.06
Apr-02-2019,1553.33
Apr-03-2019,1560.91
Apr-04-2019,1567.49
Apr-05-2019,1582.56
Apr-08-2019,1579.01
Apr-09-2019,1559.68
Apr-10-2019,1581.55
Apr-11-2019,1579.14
Apr-12-2019,1584.80
Apr-15-2019,1579.17
Apr-16-2019,1582.79
Apr-17-2019,1567.60
Apr-18-2019,1565.75
Apr-22-2019,1560.05
Apr-23-2019,1585.09
Apr-24-2019,1588.13
Apr-25-2019,1575.61
Apr-26-2019,1591.82
Apr-29-2019,1598.36
Apr-30-2019,1591.21
May-01-2019,1576.38
May-02-2019,1582.65
May-03-2019,1614.02
May-06-2019,1614.98
May-07-2019,1582.31
May-08-2019,1574.98
May-09-2019,1570.06
May-10-2019,1572.99
May-13-2019,1523.00
May-14-2019,1543.06
May-15-2019,1548.27
May-16-2019,1557.24
May-17-2019,1535.76
May-20-2019,1524.96
May-21-2019,1545.25
May-22-2019,1531.63
May-23-2019,1501.38
May-24-2019,1514.11
May-28-2019,1504.02
May-29-2019,1489.95
May-30-2019,1485.53
May-31-2019,1465.49
Jun-03-2019,1469.98
Jun-04-2019,1508.56
Jun-05-2019,1506.79
Jun-06-2019,1503.54
Jun-07-2019,1514.39
Jun-10-2019,1523.56
Jun-11-2019,1519.11
Jun-12-2019,1519.79
Jun-13-2019,1535.80
Jun-14-2019,1522.50
Jun-17-2019,1532.75
Jun-18-2019,1550.23
Jun-19-2019,1555.58
Jun-20-2019,1563.50
Jun-21-2019,1549.63
Jun-24-2019,1530.08
Jun-25-2019,1521.04
Jun-26-2019,1517.78
Jun-27-2019,1546.55
Jun-28-2019,1566.57
Jul-01-2019,1569.66
Jul-02-2019,1560.54
Jul-03-2019,1572.12
Jul-05-2019,1575.63
Jul-08-2019,1561.39
Jul-09-2019,1562.59
Jul-10-2019,1565.05
Jul-11-2019,1557.92
Jul-12-2019,1570.00
Jul-15-2019,1561.82
Jul-16-2019,1562.00
Jul-17-2019,1550.78
Jul-18-2019,1555.62
Jul-19-2019,1547.90
Jul-22-2019,1544.78
Jul-23-2019,1554.96
Jul-24-2019,1580.42
Jul-25-2019,1561.45
Jul-26-2019,1578.97
Jul-29-2019,1569.03
Jul-30-2019,1585.60
Jul-31-2019,1574.61
Aug-01-2019,1550.76
Aug-02-2019,1533.66
Aug-05-2019,1487.41
Aug-06-2019,1502.09
Aug-07-2019,1500.69
Aug-08-2019,1532.13
Aug-09-2019,1513.04
Aug-12-2019,1494.46
Aug-13-2019,1510.58
Aug-14-2019,1467.52
Aug-15-2019,1461.65
Aug-16-2019,1493.64
Aug-19-2019,1508.85
Aug-20-2019,1498.01
Aug-21-2019,1509.85
Aug-22-2019,1506.00
Aug-23-2019,1459.49
Aug-26-2019,1476.00
Aug-27-2019,1456.04
Aug-28-2019,1472.71
Aug-29-2019,1496.72
Aug-30-2019,1494.84
Sep-03-2019,1472.28
Sep-04-2019,1484.76
Sep-05-2019,1510.75
Sep-06-2019,1505.17
Sep-09-2019,1524.23
Sep-10-2019,1542.99
Sep-11-2019,1575.71
Sep-12-2019,1575.07
Sep-13-2019,1578.14
Sep-16-2019,1584.60
Sep-17-2019,1578.29
Sep-18-2019,1568.34
Sep-19-2019,1561.47
Sep-20-2019,1559.77
Sep-23-2019,1558.25
Sep-24-2019,1533.59
Sep-25-2019,1550.66
Sep-26-2019,1533.33
Sep-27-2019,1520.48
Sep-30-2019,1523.37
Oct-01-2019,1493.43
Oct-02-2019,1479.63
Oct-03-2019,1486.35
Oct-04-2019,1500.70
Oct-07-2019,1497.79
Oct-08-2019,1472.60
Oct-09-2019,1479.46
Oct-10-2019,1485.36
Oct-11-2019,1511.90
Oct-14-2019,1505.43
Oct-15-2019,1523.30
Oct-16-2019,1525.06
Oct-17-2019,1541.84
Oct-18-2019,1535.48
Oct-21-2019,1550.14
Oct-22-2019,1550.87
Oct-23-2019,1552.86
Oct-24-2019,1550.18
Oct-25-2019,1558.71
Oct-28-2019,1571.93
Oct-29-2019,1577.07
Oct-30-2019,1572.85
Oct-31-2019,1562.45
Nov-01-2019,1589.33
Nov-04-2019,1597.40
Nov-05-2019,1599.61
Nov-06-2019,1589.54
Nov-07-2019,1593.99
Nov-08-2019,1598.86
Nov-11-2019,1594.77
Nov-12-2019,1595.12
Nov-13-2019,1589.18
Nov-14-2019,1588.79
Nov-15-2019,1596.46
Nov-18-2019,1592.34
Nov-19-2019,1598.29
Nov-20-2019,1591.61
Nov-21-2019,1583.96
Nov-22-2019,1588.94
Nov-25-2019,1621.90
Nov-26-2019,1624.23
Nov-27-2019,1634.10
Nov-29-2019,1624.50
Dec-02-2019,1607.58
Dec-03-2019,1602.63
Dec-04-2019,1613.90
Dec-05-2019,1614.83
Dec-06-2019,1633.84
Dec-09-2019,1629.62
Dec-10-2019,1631.71
Dec-11-2019,1631.93
Dec-12-2019,1644.81
Dec-13-2019,1637.98
Dec-16-2019,1649.94
Dec-17-2019,1657.56
Dec-18-2019,1661.73
Dec-19-2019,1667.09
Dec-20-2019,1671.90
Dec-23-2019,1674.14
Dec-24-2019,1678.01
Dec-26-2019,1677.67
Dec-27-2019,1669.03
Dec-30-2019,1664.15
Dec-31-2019,1668.47
