Dates,Nikkei 225 Index (^N225) - Index Value
Jan-04-2010,10654.79
Jan-05-2010,10681.83
Jan-06-2010,10731.45
Jan-07-2010,10681.66
Jan-08-2010,10798.32
Jan-12-2010,10879.14
Jan-13-2010,10735.03
Jan-14-2010,10907.68
Jan-15-2010,10982.10
Jan-18-2010,10855.08
Jan-19-2010,10764.90
Jan-20-2010,10737.52
Jan-21-2010,10868.41
Jan-22-2010,10590.55
Jan-25-2010,10512.69
Jan-26-2010,10325.28
Jan-27-2010,10252.08
Jan-28-2010,10414.29
Jan-29-2010,10198.04
Feb-01-2010,10205.02
Feb-02-2010,10371.09
Feb-03-2010,10404.33
Feb-04-2010,10355.98
Feb-05-2010,10057.09
Feb-08-2010,9951.82
Feb-09-2010,9932.90
Feb-10-2010,9963.99
Feb-12-2010,10092.19
Feb-15-2010,10013.30
Feb-16-2010,10034.25
Feb-17-2010,10306.83
Feb-18-2010,10335.69
Feb-19-2010,10123.58
Feb-22-2010,10400.47
Feb-23-2010,10352.10
Feb-24-2010,10198.83
Feb-25-2010,10101.96
Feb-26-2010,10126.03
Mar-01-2010,10172.06
Mar-02-2010,10221.84
Mar-03-2010,10253.14
Mar-04-2010,10145.72
Mar-05-2010,10368.96
Mar-08-2010,10585.92
Mar-09-2010,10567.65
Mar-10-2010,10563.92
Mar-11-2010,10664.95
Mar-12-2010,10751.26
Mar-15-2010,10751.98
Mar-16-2010,10721.71
Mar-17-2010,10846.98
Mar-18-2010,10744.03
Mar-19-2010,10824.72
Mar-23-2010,10774.15
Mar-24-2010,10815.03
Mar-25-2010,10828.85
Mar-26-2010,10996.37
Mar-29-2010,10986.47
Mar-30-2010,11097.14
Mar-31-2010,11089.94
Apr-01-2010,11244.40
Apr-02-2010,11286.09
Apr-05-2010,11339.30
Apr-06-2010,11282.32
Apr-07-2010,11292.83
Apr-08-2010,11168.20
Apr-09-2010,11204.34
Apr-12-2010,11251.90
Apr-13-2010,11161.23
Apr-14-2010,11204.90
Apr-15-2010,11273.79
Apr-16-2010,11102.18
Apr-19-2010,10908.77
Apr-20-2010,10900.68
Apr-21-2010,11090.05
Apr-22-2010,10949.09
Apr-23-2010,10914.46
Apr-26-2010,11165.79
Apr-27-2010,11212.66
Apr-28-2010,10924.79
Apr-30-2010,11057.40
May-06-2010,10695.69
May-07-2010,10364.59
May-10-2010,10530.70
May-11-2010,10411.10
May-12-2010,10394.03
May-13-2010,10620.55
May-14-2010,10462.51
May-17-2010,10235.76
May-18-2010,10242.64
May-19-2010,10186.84
May-20-2010,10030.31
May-21-2010,9784.54
May-24-2010,9758.40
May-25-2010,9459.89
May-26-2010,9522.66
May-27-2010,9639.72
May-28-2010,9762.98
May-31-2010,9768.70
Jun-01-2010,9711.83
Jun-02-2010,9603.24
Jun-03-2010,9914.19
Jun-04-2010,9901.19
Jun-07-2010,9520.80
Jun-08-2010,9537.94
Jun-09-2010,9439.13
Jun-10-2010,9542.65
Jun-11-2010,9705.25
Jun-14-2010,9879.85
Jun-15-2010,9887.89
Jun-16-2010,10067.15
Jun-17-2010,9999.40
Jun-18-2010,9995.02
Jun-21-2010,10238.01
Jun-22-2010,10112.89
Jun-23-2010,9923.70
Jun-24-2010,9928.34
Jun-25-2010,9737.48
Jun-28-2010,9693.94
Jun-29-2010,9570.67
Jun-30-2010,9382.64
Jul-01-2010,9191.60
Jul-02-2010,9203.71
Jul-05-2010,9266.78
Jul-06-2010,9338.04
Jul-07-2010,9279.65
Jul-08-2010,9535.74
Jul-09-2010,9585.32
Jul-12-2010,9548.11
Jul-13-2010,9537.23
Jul-14-2010,9795.24
Jul-15-2010,9685.53
Jul-16-2010,9408.36
Jul-20-2010,9300.46
Jul-21-2010,9278.83
Jul-22-2010,9220.88
Jul-23-2010,9430.96
Jul-26-2010,9503.66
Jul-27-2010,9496.85
Jul-28-2010,9753.27
Jul-29-2010,9696.02
Jul-30-2010,9537.30
Aug-02-2010,9570.31
Aug-03-2010,9694.01
Aug-04-2010,9489.34
Aug-05-2010,9653.92
Aug-06-2010,9642.12
Aug-09-2010,9572.49
Aug-10-2010,9551.05
Aug-11-2010,9292.85
Aug-12-2010,9212.59
Aug-13-2010,9253.46
Aug-16-2010,9196.67
Aug-17-2010,9161.68
Aug-18-2010,9240.54
Aug-19-2010,9362.68
Aug-20-2010,9179.38
Aug-23-2010,9116.69
Aug-24-2010,8995.14
Aug-25-2010,8845.39
Aug-26-2010,8906.48
Aug-27-2010,8991.06
Aug-30-2010,9149.26
Aug-31-2010,8824.06
Sep-01-2010,8927.02
Sep-02-2010,9062.84
Sep-03-2010,9114.13
Sep-06-2010,9301.32
Sep-07-2010,9226.00
Sep-08-2010,9024.60
Sep-09-2010,9098.39
Sep-10-2010,9239.17
Sep-13-2010,9321.82
Sep-14-2010,9299.31
Sep-15-2010,9516.56
Sep-16-2010,9509.50
Sep-17-2010,9626.09
Sep-21-2010,9602.11
Sep-22-2010,9566.32
Sep-24-2010,9471.67
Sep-27-2010,9603.14
Sep-28-2010,9495.76
Sep-29-2010,9559.38
Sep-30-2010,9369.35
Oct-01-2010,9404.23
Oct-04-2010,9381.06
Oct-05-2010,9518.76
Oct-06-2010,9691.43
Oct-07-2010,9684.81
Oct-08-2010,9588.88
Oct-12-2010,9388.64
Oct-13-2010,9403.51
Oct-14-2010,9583.51
Oct-15-2010,9500.25
Oct-18-2010,9498.49
Oct-19-2010,9539.45
Oct-20-2010,9381.60
Oct-21-2010,9376.48
Oct-22-2010,9426.71
Oct-25-2010,9401.16
Oct-26-2010,9377.38
Oct-27-2010,9387.03
Oct-28-2010,9366.03
Oct-29-2010,9202.45
Nov-01-2010,9154.72
Nov-02-2010,9159.98
Nov-04-2010,9358.78
Nov-05-2010,9625.99
Nov-08-2010,9732.92
Nov-09-2010,9694.49
Nov-10-2010,9830.52
Nov-11-2010,9861.46
Nov-12-2010,9724.81
Nov-15-2010,9827.51
Nov-16-2010,9797.10
Nov-17-2010,9811.66
Nov-18-2010,10013.63
Nov-19-2010,10022.39
Nov-22-2010,10115.19
Nov-24-2010,10030.11
Nov-25-2010,10079.76
Nov-26-2010,10039.56
Nov-29-2010,10125.99
Nov-30-2010,9937.04
Dec-01-2010,9988.05
Dec-02-2010,10168.52
Dec-03-2010,10178.32
Dec-06-2010,10167.23
Dec-07-2010,10141.10
Dec-08-2010,10232.33
Dec-09-2010,10285.88
Dec-10-2010,10211.95
Dec-13-2010,10293.89
Dec-14-2010,10316.77
Dec-15-2010,10309.78
Dec-16-2010,10311.29
Dec-17-2010,10303.83
Dec-20-2010,10216.41
Dec-21-2010,10370.53
Dec-22-2010,10346.48
Dec-24-2010,10279.19
Dec-27-2010,10355.99
Dec-28-2010,10292.63
Dec-29-2010,10344.54
Dec-30-2010,10228.92
Jan-04-2011,10398.10
Jan-05-2011,10380.77
Jan-06-2011,10529.76
Jan-07-2011,10541.04
Jan-11-2011,10510.68
Jan-12-2011,10512.80
Jan-13-2011,10589.76
Jan-14-2011,10499.04
Jan-17-2011,10502.86
Jan-18-2011,10518.98
Jan-19-2011,10557.10
Jan-20-2011,10437.31
Jan-21-2011,10274.52
Jan-24-2011,10345.11
Jan-25-2011,10464.42
Jan-26-2011,10401.90
Jan-27-2011,10478.66
Jan-28-2011,10360.34
Jan-31-2011,10237.92
Feb-01-2011,10274.50
Feb-02-2011,10457.36
Feb-03-2011,10431.36
Feb-04-2011,10543.52
Feb-07-2011,10592.04
Feb-08-2011,10635.98
Feb-09-2011,10617.83
Feb-10-2011,10605.65
Feb-14-2011,10725.54
Feb-15-2011,10746.67
Feb-16-2011,10808.29
Feb-17-2011,10836.64
Feb-18-2011,10842.80
Feb-21-2011,10857.53
Feb-22-2011,10664.70
Feb-23-2011,10579.10
Feb-24-2011,10452.71
Feb-25-2011,10526.76
Feb-28-2011,10624.09
Mar-01-2011,10754.03
Mar-02-2011,10492.38
Mar-03-2011,10586.02
Mar-04-2011,10693.66
Mar-07-2011,10505.02
Mar-08-2011,10525.19
Mar-09-2011,10589.50
Mar-10-2011,10434.38
Mar-11-2011,10254.43
Mar-14-2011,9620.49
Mar-15-2011,8605.15
Mar-16-2011,9093.72
Mar-17-2011,8962.67
Mar-18-2011,9206.75
Mar-22-2011,9608.32
Mar-23-2011,9449.47
Mar-24-2011,9435.01
Mar-25-2011,9536.13
Mar-28-2011,9478.53
Mar-29-2011,9459.08
Mar-30-2011,9708.79
Mar-31-2011,9755.10
Apr-01-2011,9708.39
Apr-04-2011,9718.89
Apr-05-2011,9615.55
Apr-06-2011,9584.37
Apr-07-2011,9590.93
Apr-08-2011,9768.08
Apr-11-2011,9719.70
Apr-12-2011,9555.26
Apr-13-2011,9641.18
Apr-14-2011,9653.92
Apr-15-2011,9591.52
Apr-18-2011,9556.65
Apr-19-2011,9441.03
Apr-20-2011,9606.82
Apr-21-2011,9685.77
Apr-22-2011,9682.21
Apr-25-2011,9671.96
Apr-26-2011,9558.69
Apr-27-2011,9691.84
Apr-28-2011,9849.74
May-02-2011,10004.20
May-06-2011,9859.20
May-09-2011,9794.38
May-10-2011,9818.76
May-11-2011,9864.26
May-12-2011,9716.65
May-13-2011,9648.77
May-16-2011,9558.30
May-17-2011,9567.02
May-18-2011,9662.08
May-19-2011,9620.82
May-20-2011,9607.08
May-23-2011,9460.63
May-24-2011,9477.17
May-25-2011,9422.88
May-26-2011,9562.05
May-27-2011,9521.94
May-30-2011,9504.97
May-31-2011,9693.73
Jun-01-2011,9719.61
Jun-02-2011,9555.04
Jun-03-2011,9492.21
Jun-06-2011,9380.35
Jun-07-2011,9442.95
Jun-08-2011,9449.46
Jun-09-2011,9467.15
Jun-10-2011,9514.44
Jun-13-2011,9448.21
Jun-14-2011,9547.79
Jun-15-2011,9574.32
Jun-16-2011,9411.28
Jun-17-2011,9351.40
Jun-20-2011,9354.32
Jun-21-2011,9459.66
Jun-22-2011,9629.43
Jun-23-2011,9596.74
Jun-24-2011,9678.71
Jun-27-2011,9578.31
Jun-28-2011,9648.98
Jun-29-2011,9797.26
Jun-30-2011,9816.09
Jul-01-2011,9868.07
Jul-04-2011,9965.09
Jul-05-2011,9972.46
Jul-06-2011,10082.48
Jul-07-2011,10071.14
Jul-08-2011,10137.73
Jul-11-2011,10069.53
Jul-12-2011,9925.92
Jul-13-2011,9963.14
Jul-14-2011,9936.12
Jul-15-2011,9974.47
Jul-19-2011,9889.72
Jul-20-2011,10005.90
Jul-21-2011,10010.39
Jul-22-2011,10132.11
Jul-25-2011,10050.01
Jul-26-2011,10097.72
Jul-27-2011,10047.19
Jul-28-2011,9901.35
Jul-29-2011,9833.03
Aug-01-2011,9965.01
Aug-02-2011,9844.59
Aug-03-2011,9637.14
Aug-04-2011,9659.18
Aug-05-2011,9299.88
Aug-08-2011,9097.56
Aug-09-2011,8944.48
Aug-10-2011,9038.74
Aug-11-2011,8981.94
Aug-12-2011,8963.72
Aug-15-2011,9086.41
Aug-16-2011,9107.43
Aug-17-2011,9057.26
Aug-18-2011,8943.76
Aug-19-2011,8719.24
Aug-22-2011,8628.13
Aug-23-2011,8733.01
Aug-24-2011,8639.61
Aug-25-2011,8772.36
Aug-26-2011,8797.78
Aug-29-2011,8851.35
Aug-30-2011,8953.90
Aug-31-2011,8955.20
Sep-01-2011,9060.80
Sep-02-2011,8950.74
Sep-05-2011,8784.46
Sep-06-2011,8590.57
Sep-07-2011,8763.41
Sep-08-2011,8793.12
Sep-09-2011,8737.66
Sep-12-2011,8535.67
Sep-13-2011,8616.55
Sep-14-2011,8518.57
Sep-15-2011,8668.86
Sep-16-2011,8864.16
Sep-20-2011,8721.24
Sep-21-2011,8741.16
Sep-22-2011,8560.26
Sep-26-2011,8374.13
Sep-27-2011,8609.95
Sep-28-2011,8615.65
Sep-29-2011,8701.23
Sep-30-2011,8700.29
Oct-03-2011,8545.48
Oct-04-2011,8456.12
Oct-05-2011,8382.98
Oct-06-2011,8522.02
Oct-07-2011,8605.62
Oct-11-2011,8773.68
Oct-12-2011,8738.90
Oct-13-2011,8823.25
Oct-14-2011,8747.96
Oct-17-2011,8879.60
Oct-18-2011,8741.91
Oct-19-2011,8772.54
Oct-20-2011,8682.15
Oct-21-2011,8678.89
Oct-24-2011,8843.98
Oct-25-2011,8762.31
Oct-26-2011,8748.47
Oct-27-2011,8926.54
Oct-28-2011,9050.47
Oct-31-2011,8988.39
Nov-01-2011,8835.52
Nov-02-2011,8640.42
Nov-04-2011,8801.40
Nov-07-2011,8767.09
Nov-08-2011,8655.51
Nov-09-2011,8755.44
Nov-10-2011,8500.80
Nov-11-2011,8514.47
Nov-14-2011,8603.70
Nov-15-2011,8541.93
Nov-16-2011,8463.16
Nov-17-2011,8479.63
Nov-18-2011,8374.91
Nov-21-2011,8348.27
Nov-22-2011,8314.74
Nov-24-2011,8165.18
Nov-25-2011,8160.01
Nov-28-2011,8287.49
Nov-29-2011,8477.82
Nov-30-2011,8434.61
Dec-01-2011,8597.38
Dec-02-2011,8643.75
Dec-05-2011,8695.98
Dec-06-2011,8575.16
Dec-07-2011,8722.17
Dec-08-2011,8664.58
Dec-09-2011,8536.46
Dec-12-2011,8653.82
Dec-13-2011,8552.81
Dec-14-2011,8519.13
Dec-15-2011,8377.37
Dec-16-2011,8401.72
Dec-19-2011,8296.12
Dec-20-2011,8336.48
Dec-21-2011,8459.98
Dec-22-2011,8395.16
Dec-26-2011,8479.34
Dec-27-2011,8440.56
Dec-28-2011,8423.62
Dec-29-2011,8398.89
Dec-30-2011,8455.35
Jan-04-2012,8560.11
Jan-05-2012,8488.71
Jan-06-2012,8390.35
Jan-10-2012,8422.26
Jan-11-2012,8447.88
Jan-12-2012,8385.59
Jan-13-2012,8500.02
Jan-16-2012,8378.36
Jan-17-2012,8466.40
Jan-18-2012,8550.58
Jan-19-2012,8639.68
Jan-20-2012,8766.36
Jan-23-2012,8765.90
Jan-24-2012,8785.33
Jan-25-2012,8883.69
Jan-26-2012,8849.47
Jan-27-2012,8841.22
Jan-30-2012,8793.05
Jan-31-2012,8802.51
Feb-01-2012,8809.79
Feb-02-2012,8876.82
Feb-03-2012,8831.93
Feb-06-2012,8929.20
Feb-07-2012,8917.52
Feb-08-2012,9015.59
Feb-09-2012,9002.24
Feb-10-2012,8947.17
Feb-13-2012,8999.18
Feb-14-2012,9052.07
Feb-15-2012,9260.34
Feb-16-2012,9238.10
Feb-17-2012,9384.17
Feb-20-2012,9485.09
Feb-21-2012,9463.02
Feb-22-2012,9554.00
Feb-23-2012,9595.57
Feb-24-2012,9647.38
Feb-27-2012,9633.93
Feb-28-2012,9722.52
Feb-29-2012,9723.24
Mar-01-2012,9707.37
Mar-02-2012,9777.03
Mar-05-2012,9698.59
Mar-06-2012,9637.63
Mar-07-2012,9576.06
Mar-08-2012,9768.96
Mar-09-2012,9929.74
Mar-12-2012,9889.86
Mar-13-2012,9899.08
Mar-14-2012,10050.52
Mar-15-2012,10123.28
Mar-16-2012,10129.83
Mar-19-2012,10141.99
Mar-21-2012,10086.49
Mar-22-2012,10127.08
Mar-23-2012,10011.47
Mar-26-2012,10018.24
Mar-27-2012,10255.15
Mar-28-2012,10182.57
Mar-29-2012,10114.79
Mar-30-2012,10083.56
Apr-02-2012,10109.87
Apr-03-2012,10050.39
Apr-04-2012,9819.99
Apr-05-2012,9767.61
Apr-06-2012,9688.45
Apr-09-2012,9546.26
Apr-10-2012,9538.02
Apr-11-2012,9458.74
Apr-12-2012,9524.79
Apr-13-2012,9637.99
Apr-16-2012,9470.64
Apr-17-2012,9464.71
Apr-18-2012,9667.26
Apr-19-2012,9588.38
Apr-20-2012,9561.36
Apr-23-2012,9542.17
Apr-24-2012,9468.04
Apr-25-2012,9561.01
Apr-26-2012,9561.83
Apr-27-2012,9520.89
May-01-2012,9350.95
May-02-2012,9380.25
May-07-2012,9119.14
May-08-2012,9181.65
May-09-2012,9045.06
May-10-2012,9009.65
May-11-2012,8953.31
May-14-2012,8973.84
May-15-2012,8900.74
May-16-2012,8801.17
May-17-2012,8876.59
May-18-2012,8611.31
May-21-2012,8633.89
May-22-2012,8729.29
May-23-2012,8556.60
May-24-2012,8563.38
May-25-2012,8580.39
May-28-2012,8593.15
May-29-2012,8657.08
May-30-2012,8633.19
May-31-2012,8542.73
Jun-01-2012,8440.25
Jun-04-2012,8295.63
Jun-05-2012,8382.00
Jun-06-2012,8533.53
Jun-07-2012,8639.72
Jun-08-2012,8459.26
Jun-11-2012,8624.90
Jun-12-2012,8536.72
Jun-13-2012,8587.84
Jun-14-2012,8568.89
Jun-15-2012,8569.32
Jun-18-2012,8721.02
Jun-19-2012,8655.87
Jun-20-2012,8752.31
Jun-21-2012,8824.07
Jun-22-2012,8798.35
Jun-25-2012,8734.62
Jun-26-2012,8663.99
Jun-27-2012,8730.49
Jun-28-2012,8874.11
Jun-29-2012,9006.78
Jul-02-2012,9003.48
Jul-03-2012,9066.59
Jul-04-2012,9104.17
Jul-05-2012,9079.80
Jul-06-2012,9020.75
Jul-09-2012,8896.88
Jul-10-2012,8857.73
Jul-11-2012,8851.00
Jul-12-2012,8720.01
Jul-13-2012,8724.12
Jul-17-2012,8755.00
Jul-18-2012,8726.74
Jul-19-2012,8795.55
Jul-20-2012,8669.87
Jul-23-2012,8508.32
Jul-24-2012,8488.09
Jul-25-2012,8365.90
Jul-26-2012,8443.10
Jul-27-2012,8566.64
Jul-30-2012,8635.44
Jul-31-2012,8695.06
Aug-01-2012,8641.85
Aug-02-2012,8653.18
Aug-03-2012,8555.11
Aug-06-2012,8726.29
Aug-07-2012,8803.31
Aug-08-2012,8881.16
Aug-09-2012,8978.60
Aug-10-2012,8891.44
Aug-13-2012,8885.15
Aug-14-2012,8929.88
Aug-15-2012,8925.04
Aug-16-2012,9092.76
Aug-17-2012,9162.50
Aug-20-2012,9171.16
Aug-21-2012,9156.92
Aug-22-2012,9131.74
Aug-23-2012,9178.12
Aug-24-2012,9070.76
Aug-27-2012,9085.39
Aug-28-2012,9033.29
Aug-29-2012,9069.81
Aug-30-2012,8983.78
Aug-31-2012,8839.91
Sep-03-2012,8783.89
Sep-04-2012,8775.51
Sep-05-2012,8679.82
Sep-06-2012,8680.57
Sep-07-2012,8871.65
Sep-10-2012,8869.37
Sep-11-2012,8807.38
Sep-12-2012,8959.96
Sep-13-2012,8995.15
Sep-14-2012,9159.39
Sep-18-2012,9123.77
Sep-19-2012,9232.21
Sep-20-2012,9086.98
Sep-21-2012,9110.00
Sep-24-2012,9069.29
Sep-25-2012,9091.54
Sep-26-2012,8906.70
Sep-27-2012,8949.87
Sep-28-2012,8870.16
Oct-01-2012,8796.51
Oct-02-2012,8786.05
Oct-03-2012,8746.87
Oct-04-2012,8824.59
Oct-05-2012,8863.30
Oct-09-2012,8769.59
Oct-10-2012,8596.23
Oct-11-2012,8546.78
Oct-12-2012,8534.12
Oct-15-2012,8577.93
Oct-16-2012,8701.31
Oct-17-2012,8806.55
Oct-18-2012,8982.86
Oct-19-2012,9002.68
Oct-22-2012,9010.71
Oct-23-2012,9014.25
Oct-24-2012,8954.30
Oct-25-2012,9055.20
Oct-26-2012,8933.06
Oct-29-2012,8929.34
Oct-30-2012,8841.98
Oct-31-2012,8928.29
Nov-01-2012,8946.87
Nov-02-2012,9051.22
Nov-05-2012,9007.44
Nov-06-2012,8975.15
Nov-07-2012,8972.89
Nov-08-2012,8837.15
Nov-09-2012,8757.60
Nov-12-2012,8676.44
Nov-13-2012,8661.05
Nov-14-2012,8664.73
Nov-15-2012,8829.72
Nov-16-2012,9024.16
Nov-19-2012,9153.20
Nov-20-2012,9142.64
Nov-21-2012,9222.52
Nov-22-2012,9366.80
Nov-26-2012,9388.94
Nov-27-2012,9423.30
Nov-28-2012,9308.35
Nov-29-2012,9400.88
Nov-30-2012,9446.01
Dec-03-2012,9458.18
Dec-04-2012,9432.46
Dec-05-2012,9468.84
Dec-06-2012,9545.16
Dec-07-2012,9527.39
Dec-10-2012,9533.75
Dec-11-2012,9525.32
Dec-12-2012,9581.46
Dec-13-2012,9742.73
Dec-14-2012,9737.56
Dec-17-2012,9828.88
Dec-18-2012,9923.01
Dec-19-2012,10160.40
Dec-20-2012,10039.33
Dec-21-2012,9940.06
Dec-25-2012,10080.12
Dec-26-2012,10230.36
Dec-27-2012,10322.98
Dec-28-2012,10395.18
Jan-04-2013,10688.11
Jan-07-2013,10599.01
Jan-08-2013,10508.06
Jan-09-2013,10578.57
Jan-10-2013,10652.64
Jan-11-2013,10801.57
Jan-15-2013,10879.08
Jan-16-2013,10600.44
Jan-17-2013,10609.64
Jan-18-2013,10913.30
Jan-21-2013,10747.74
Jan-22-2013,10709.93
Jan-23-2013,10486.99
Jan-24-2013,10620.87
Jan-25-2013,10926.65
Jan-28-2013,10824.31
Jan-29-2013,10866.72
Jan-30-2013,11113.95
Jan-31-2013,11138.66
Feb-01-2013,11191.34
Feb-04-2013,11260.35
Feb-05-2013,11046.92
Feb-06-2013,11463.75
Feb-07-2013,11357.07
Feb-08-2013,11153.16
Feb-12-2013,11369.12
Feb-13-2013,11251.41
Feb-14-2013,11307.28
Feb-15-2013,11173.83
Feb-18-2013,11407.87
Feb-19-2013,11372.34
Feb-20-2013,11468.28
Feb-21-2013,11309.13
Feb-22-2013,11385.94
Feb-25-2013,11662.52
Feb-26-2013,11398.81
Feb-27-2013,11253.97
Feb-28-2013,11559.36
Mar-01-2013,11606.38
Mar-04-2013,11652.29
Mar-05-2013,11683.45
Mar-06-2013,11932.27
Mar-07-2013,11968.08
Mar-08-2013,12283.62
Mar-11-2013,12349.05
Mar-12-2013,12314.81
Mar-13-2013,12239.66
Mar-14-2013,12381.19
Mar-15-2013,12560.95
Mar-18-2013,12220.63
Mar-19-2013,12468.23
Mar-21-2013,12635.69
Mar-22-2013,12338.53
Mar-25-2013,12546.46
Mar-26-2013,12471.62
Mar-27-2013,12493.79
Mar-28-2013,12335.96
Mar-29-2013,12397.91
Apr-01-2013,12135.02
Apr-02-2013,12003.43
Apr-03-2013,12362.20
Apr-04-2013,12634.54
Apr-05-2013,12833.64
Apr-08-2013,13192.59
Apr-09-2013,13192.35
Apr-10-2013,13288.13
Apr-11-2013,13549.16
Apr-12-2013,13485.14
Apr-15-2013,13275.66
Apr-16-2013,13221.44
Apr-17-2013,13382.89
Apr-18-2013,13220.07
Apr-19-2013,13316.48
Apr-22-2013,13568.37
Apr-23-2013,13529.65
Apr-24-2013,13843.46
Apr-25-2013,13926.08
Apr-26-2013,13884.13
Apr-30-2013,13860.86
May-01-2013,13799.35
May-02-2013,13694.04
May-07-2013,14180.24
May-08-2013,14285.69
May-09-2013,14191.48
May-10-2013,14607.54
May-13-2013,14782.21
May-14-2013,14758.42
May-15-2013,15096.03
May-16-2013,15037.24
May-17-2013,15138.12
May-20-2013,15360.81
May-21-2013,15381.02
May-22-2013,15627.26
May-23-2013,14483.98
May-24-2013,14612.45
May-27-2013,14142.65
May-28-2013,14311.98
May-29-2013,14326.46
May-30-2013,13589.03
May-31-2013,13774.54
Jun-03-2013,13261.82
Jun-04-2013,13533.76
Jun-05-2013,13014.87
Jun-06-2013,12904.02
Jun-07-2013,12877.53
Jun-10-2013,13514.20
Jun-11-2013,13317.62
Jun-12-2013,13289.32
Jun-13-2013,12445.38
Jun-14-2013,12686.52
Jun-17-2013,13033.12
Jun-18-2013,13007.28
Jun-19-2013,13245.22
Jun-20-2013,13014.58
Jun-21-2013,13230.13
Jun-24-2013,13062.78
Jun-25-2013,12969.34
Jun-26-2013,12834.01
Jun-27-2013,13213.55
Jun-28-2013,13677.32
Jul-01-2013,13852.50
Jul-02-2013,14098.74
Jul-03-2013,14055.56
Jul-04-2013,14018.93
Jul-05-2013,14309.97
Jul-08-2013,14109.34
Jul-09-2013,14472.90
Jul-10-2013,14416.60
Jul-11-2013,14472.58
Jul-12-2013,14506.25
Jul-16-2013,14599.12
Jul-17-2013,14615.04
Jul-18-2013,14808.50
Jul-19-2013,14589.91
Jul-22-2013,14658.04
Jul-23-2013,14778.51
Jul-24-2013,14731.28
Jul-25-2013,14562.93
Jul-26-2013,14129.98
Jul-29-2013,13661.13
Jul-30-2013,13869.82
Jul-31-2013,13668.32
Aug-01-2013,14005.77
Aug-02-2013,14466.16
Aug-05-2013,14258.04
Aug-06-2013,14401.06
Aug-07-2013,13824.94
Aug-08-2013,13605.56
Aug-09-2013,13615.19
Aug-12-2013,13519.43
Aug-13-2013,13867.00
Aug-14-2013,14050.16
Aug-15-2013,13752.94
Aug-16-2013,13650.11
Aug-19-2013,13758.13
Aug-20-2013,13396.38
Aug-21-2013,13424.33
Aug-22-2013,13365.17
Aug-23-2013,13660.55
Aug-26-2013,13636.28
Aug-27-2013,13542.37
Aug-28-2013,13338.46
Aug-29-2013,13459.71
Aug-30-2013,13388.86
Sep-02-2013,13572.92
Sep-03-2013,13978.44
Sep-04-2013,14053.87
Sep-05-2013,14064.82
Sep-06-2013,13860.81
Sep-09-2013,14205.23
Sep-10-2013,14423.36
Sep-11-2013,14425.07
Sep-12-2013,14387.27
Sep-13-2013,14404.67
Sep-17-2013,14311.67
Sep-18-2013,14505.36
Sep-19-2013,14766.18
Sep-20-2013,14742.42
Sep-24-2013,14732.61
Sep-25-2013,14620.53
Sep-26-2013,14799.12
Sep-27-2013,14760.07
Sep-30-2013,14455.80
Oct-01-2013,14484.72
Oct-02-2013,14170.49
Oct-03-2013,14157.25
Oct-04-2013,14024.31
Oct-07-2013,13853.32
Oct-08-2013,13894.61
Oct-09-2013,14037.84
Oct-10-2013,14194.71
Oct-11-2013,14404.74
Oct-15-2013,14441.54
Oct-16-2013,14467.14
Oct-17-2013,14586.51
Oct-18-2013,14561.54
Oct-21-2013,14693.57
Oct-22-2013,14713.25
Oct-23-2013,14426.05
Oct-24-2013,14486.41
Oct-25-2013,14088.19
Oct-28-2013,14396.04
Oct-29-2013,14325.98
Oct-30-2013,14502.35
Oct-31-2013,14327.94
Nov-01-2013,14201.57
Nov-05-2013,14225.37
Nov-06-2013,14337.31
Nov-07-2013,14228.44
Nov-08-2013,14086.80
Nov-11-2013,14269.84
Nov-12-2013,14588.68
Nov-13-2013,14567.16
Nov-14-2013,14876.41
Nov-15-2013,15165.92
Nov-18-2013,15164.30
Nov-19-2013,15126.56
Nov-20-2013,15076.08
Nov-21-2013,15365.60
Nov-22-2013,15381.72
Nov-25-2013,15619.13
Nov-26-2013,15515.24
Nov-27-2013,15449.63
Nov-28-2013,15727.12
Nov-29-2013,15661.87
Dec-02-2013,15655.07
Dec-03-2013,15749.66
Dec-04-2013,15407.94
Dec-05-2013,15177.49
Dec-06-2013,15299.86
Dec-09-2013,15650.21
Dec-10-2013,15611.31
Dec-11-2013,15515.06
Dec-12-2013,15341.82
Dec-13-2013,15403.11
Dec-16-2013,15152.91
Dec-17-2013,15278.63
Dec-18-2013,15587.80
Dec-19-2013,15859.22
Dec-20-2013,15870.42
Dec-24-2013,15889.33
Dec-25-2013,16009.99
Dec-26-2013,16174.44
Dec-27-2013,16178.94
Dec-30-2013,16291.31
Jan-06-2014,15908.88
Jan-07-2014,15814.37
Jan-08-2014,16121.45
Jan-09-2014,15880.33
Jan-10-2014,15912.06
Jan-14-2014,15422.40
Jan-15-2014,15808.73
Jan-16-2014,15747.20
Jan-17-2014,15734.46
Jan-20-2014,15641.68
Jan-21-2014,15795.96
Jan-22-2014,15820.96
Jan-23-2014,15695.89
Jan-24-2014,15391.56
Jan-27-2014,15005.73
Jan-28-2014,14980.16
Jan-29-2014,15383.91
Jan-30-2014,15007.06
Jan-31-2014,14914.53
Feb-03-2014,14619.13
Feb-04-2014,14008.47
Feb-05-2014,14180.38
Feb-06-2014,14155.12
Feb-07-2014,14462.41
Feb-10-2014,14718.34
Feb-12-2014,14800.06
Feb-13-2014,14534.74
Feb-14-2014,14313.03
Feb-17-2014,14393.11
Feb-18-2014,14843.24
Feb-19-2014,14766.53
Feb-20-2014,14449.18
Feb-21-2014,14865.67
Feb-24-2014,14837.68
Feb-25-2014,15051.60
Feb-26-2014,14970.97
Feb-27-2014,14923.11
Feb-28-2014,14841.07
Mar-03-2014,14652.23
Mar-04-2014,14721.48
Mar-05-2014,14897.63
Mar-06-2014,15134.75
Mar-07-2014,15274.07
Mar-10-2014,15120.14
Mar-11-2014,15224.11
Mar-12-2014,14830.39
Mar-13-2014,14815.98
Mar-14-2014,14327.66
Mar-17-2014,14277.67
Mar-18-2014,14411.27
Mar-19-2014,14462.52
Mar-20-2014,14224.23
Mar-24-2014,14475.30
Mar-25-2014,14423.19
Mar-26-2014,14477.16
Mar-27-2014,14622.89
Mar-28-2014,14696.03
Mar-31-2014,14827.83
Apr-01-2014,14791.99
Apr-02-2014,14946.32
Apr-03-2014,15071.88
Apr-04-2014,15063.77
Apr-07-2014,14808.85
Apr-08-2014,14606.88
Apr-09-2014,14299.69
Apr-10-2014,14300.12
Apr-11-2014,13960.05
Apr-14-2014,13910.16
Apr-15-2014,13996.81
Apr-16-2014,14417.68
Apr-17-2014,14417.53
Apr-18-2014,14516.27
Apr-21-2014,14512.38
Apr-22-2014,14388.77
Apr-23-2014,14546.27
Apr-24-2014,14404.99
Apr-25-2014,14429.26
Apr-28-2014,14288.23
Apr-30-2014,14304.11
May-01-2014,14485.13
May-02-2014,14457.51
May-07-2014,14033.45
May-08-2014,14163.78
May-09-2014,14199.59
May-12-2014,14149.52
May-13-2014,14425.44
May-14-2014,14405.76
May-15-2014,14298.21
May-16-2014,14096.59
May-19-2014,14006.44
May-20-2014,14075.25
May-21-2014,14042.17
May-22-2014,14337.79
May-23-2014,14462.17
May-26-2014,14602.52
May-27-2014,14636.52
May-28-2014,14670.95
May-29-2014,14681.72
May-30-2014,14632.38
Jun-02-2014,14935.92
Jun-03-2014,15034.25
Jun-04-2014,15067.96
Jun-05-2014,15079.37
Jun-06-2014,15077.24
Jun-09-2014,15124.00
Jun-10-2014,14994.80
Jun-11-2014,15069.48
Jun-12-2014,14973.53
Jun-13-2014,15097.84
Jun-16-2014,14933.29
Jun-17-2014,14975.97
Jun-18-2014,15115.80
Jun-19-2014,15361.16
Jun-20-2014,15349.42
Jun-23-2014,15369.28
Jun-24-2014,15376.24
Jun-25-2014,15266.61
Jun-26-2014,15308.49
Jun-27-2014,15095.00
Jun-30-2014,15162.10
Jul-01-2014,15326.20
Jul-02-2014,15369.97
Jul-03-2014,15348.29
Jul-04-2014,15437.13
Jul-07-2014,15379.44
Jul-08-2014,15314.41
Jul-09-2014,15302.65
Jul-10-2014,15216.47
Jul-11-2014,15164.04
Jul-14-2014,15296.82
Jul-15-2014,15395.16
Jul-16-2014,15379.30
Jul-17-2014,15370.26
Jul-18-2014,15215.71
Jul-22-2014,15343.28
Jul-23-2014,15328.56
Jul-24-2014,15284.42
Jul-25-2014,15457.87
Jul-28-2014,15529.40
Jul-29-2014,15618.07
Jul-30-2014,15646.23
Jul-31-2014,15620.77
Aug-01-2014,15523.11
Aug-04-2014,15474.50
Aug-05-2014,15320.31
Aug-06-2014,15159.79
Aug-07-2014,15232.37
Aug-08-2014,14778.37
Aug-11-2014,15130.52
Aug-12-2014,15161.31
Aug-13-2014,15213.63
Aug-14-2014,15314.57
Aug-15-2014,15318.34
Aug-18-2014,15322.60
Aug-19-2014,15449.79
Aug-20-2014,15454.45
Aug-21-2014,15586.20
Aug-22-2014,15539.19
Aug-25-2014,15613.25
Aug-26-2014,15521.22
Aug-27-2014,15534.82
Aug-28-2014,15459.86
Aug-29-2014,15424.59
Sep-01-2014,15476.60
Sep-02-2014,15668.60
Sep-03-2014,15728.35
Sep-04-2014,15676.18
Sep-05-2014,15668.68
Sep-08-2014,15705.11
Sep-09-2014,15749.15
Sep-10-2014,15788.78
Sep-11-2014,15909.20
Sep-12-2014,15948.29
Sep-16-2014,15911.53
Sep-17-2014,15888.67
Sep-18-2014,16067.57
Sep-19-2014,16321.17
Sep-22-2014,16205.90
Sep-24-2014,16167.45
Sep-25-2014,16374.14
Sep-26-2014,16229.86
Sep-29-2014,16310.64
Sep-30-2014,16173.52
Oct-01-2014,16082.25
Oct-02-2014,15661.99
Oct-03-2014,15708.65
Oct-06-2014,15890.95
Oct-07-2014,15783.83
Oct-08-2014,15595.98
Oct-09-2014,15478.93
Oct-10-2014,15300.55
Oct-14-2014,14936.51
Oct-15-2014,15073.52
Oct-16-2014,14738.38
Oct-17-2014,14532.51
Oct-20-2014,15111.23
Oct-21-2014,14804.28
Oct-22-2014,15195.77
Oct-23-2014,15138.96
Oct-24-2014,15291.64
Oct-27-2014,15388.72
Oct-28-2014,15329.91
Oct-29-2014,15553.91
Oct-30-2014,15658.20
Oct-31-2014,16413.76
Nov-04-2014,16862.47
Nov-05-2014,16937.32
Nov-06-2014,16792.48
Nov-07-2014,16880.38
Nov-10-2014,16780.53
Nov-11-2014,17124.11
Nov-12-2014,17197.05
Nov-13-2014,17392.79
Nov-14-2014,17490.83
Nov-17-2014,16973.80
Nov-18-2014,17344.06
Nov-19-2014,17288.75
Nov-20-2014,17300.86
Nov-21-2014,17357.51
Nov-25-2014,17407.62
Nov-26-2014,17383.58
Nov-27-2014,17248.50
Nov-28-2014,17459.85
Dec-01-2014,17590.10
Dec-02-2014,17663.22
Dec-03-2014,17720.43
Dec-04-2014,17887.21
Dec-05-2014,17920.45
Dec-08-2014,17935.64
Dec-09-2014,17813.38
Dec-10-2014,17412.58
Dec-11-2014,17257.40
Dec-12-2014,17371.58
Dec-15-2014,17099.40
Dec-16-2014,16755.32
Dec-17-2014,16819.73
Dec-18-2014,17210.05
Dec-19-2014,17621.40
Dec-22-2014,17635.14
Dec-24-2014,17854.23
Dec-25-2014,17808.75
Dec-26-2014,17818.96
Dec-29-2014,17729.84
Dec-30-2014,17450.77
Jan-05-2015,17408.71
Jan-06-2015,16883.19
Jan-07-2015,16885.33
Jan-08-2015,17167.10
Jan-09-2015,17197.73
Jan-13-2015,17087.71
Jan-14-2015,16795.96
Jan-15-2015,17108.70
Jan-16-2015,16864.16
Jan-19-2015,17014.29
Jan-20-2015,17366.30
Jan-21-2015,17280.48
Jan-22-2015,17329.02
Jan-23-2015,17511.75
Jan-26-2015,17468.52
Jan-27-2015,17768.30
Jan-28-2015,17795.73
Jan-29-2015,17606.22
Jan-30-2015,17674.39
Feb-02-2015,17558.04
Feb-03-2015,17335.85
Feb-04-2015,17678.74
Feb-05-2015,17504.62
Feb-06-2015,17648.50
Feb-09-2015,17711.93
Feb-10-2015,17652.68
Feb-12-2015,17979.72
Feb-13-2015,17913.36
Feb-16-2015,18004.77
Feb-17-2015,17987.09
Feb-18-2015,18199.17
Feb-19-2015,18264.79
Feb-20-2015,18332.30
Feb-23-2015,18466.92
Feb-24-2015,18603.48
Feb-25-2015,18585.20
Feb-26-2015,18785.79
Feb-27-2015,18797.94
Mar-02-2015,18826.88
Mar-03-2015,18815.16
Mar-04-2015,18703.60
Mar-05-2015,18751.84
Mar-06-2015,18971.00
Mar-09-2015,18790.55
Mar-10-2015,18665.11
Mar-11-2015,18723.52
Mar-12-2015,18991.11
Mar-13-2015,19254.25
Mar-16-2015,19246.06
Mar-17-2015,19437.00
Mar-18-2015,19544.48
Mar-19-2015,19476.56
Mar-20-2015,19560.22
Mar-23-2015,19754.36
Mar-24-2015,19713.45
Mar-25-2015,19746.20
Mar-26-2015,19471.12
Mar-27-2015,19285.63
Mar-30-2015,19411.40
Mar-31-2015,19206.99
Apr-01-2015,19034.84
Apr-02-2015,19312.79
Apr-03-2015,19435.08
Apr-06-2015,19397.98
Apr-07-2015,19640.54
Apr-08-2015,19789.81
Apr-09-2015,19937.72
Apr-10-2015,19907.63
Apr-13-2015,19905.46
Apr-14-2015,19908.68
Apr-15-2015,19869.76
Apr-16-2015,19885.77
Apr-17-2015,19652.88
Apr-20-2015,19634.49
Apr-21-2015,19909.09
Apr-22-2015,20133.90
Apr-23-2015,20187.65
Apr-24-2015,20020.04
Apr-27-2015,19983.32
Apr-28-2015,20058.95
Apr-30-2015,19520.01
May-01-2015,19531.63
May-07-2015,19291.99
May-08-2015,19379.19
May-11-2015,19620.91
May-12-2015,19624.84
May-13-2015,19764.72
May-14-2015,19570.24
May-15-2015,19732.92
May-18-2015,19890.27
May-19-2015,20026.38
May-20-2015,20196.56
May-21-2015,20202.87
May-22-2015,20264.41
May-25-2015,20413.77
May-26-2015,20437.48
May-27-2015,20472.58
May-28-2015,20551.46
May-29-2015,20563.15
Jun-01-2015,20569.87
Jun-02-2015,20543.19
Jun-03-2015,20473.51
Jun-04-2015,20488.19
Jun-05-2015,20460.90
Jun-08-2015,20457.19
Jun-09-2015,20096.30
Jun-10-2015,20046.36
Jun-11-2015,20382.97
Jun-12-2015,20407.08
Jun-15-2015,20387.79
Jun-16-2015,20257.94
Jun-17-2015,20219.27
Jun-18-2015,19990.82
Jun-19-2015,20174.24
Jun-22-2015,20428.19
Jun-23-2015,20809.42
Jun-24-2015,20868.03
Jun-25-2015,20771.40
Jun-26-2015,20706.15
Jun-29-2015,20109.95
Jun-30-2015,20235.73
Jul-01-2015,20329.32
Jul-02-2015,20522.50
Jul-03-2015,20539.79
Jul-06-2015,20112.12
Jul-07-2015,20376.59
Jul-08-2015,19737.64
Jul-09-2015,19855.50
Jul-10-2015,19779.83
Jul-13-2015,20089.77
Jul-14-2015,20385.33
Jul-15-2015,20463.33
Jul-16-2015,20600.12
Jul-17-2015,20650.92
Jul-21-2015,20841.97
Jul-22-2015,20593.67
Jul-23-2015,20683.95
Jul-24-2015,20544.53
Jul-27-2015,20350.10
Jul-28-2015,20328.89
Jul-29-2015,20302.91
Jul-30-2015,20522.83
Jul-31-2015,20585.24
Aug-03-2015,20548.11
Aug-04-2015,20520.36
Aug-05-2015,20614.06
Aug-06-2015,20664.44
Aug-07-2015,20724.56
Aug-10-2015,20808.69
Aug-11-2015,20720.75
Aug-12-2015,20392.77
Aug-13-2015,20595.55
Aug-14-2015,20519.45
Aug-17-2015,20620.26
Aug-18-2015,20554.47
Aug-19-2015,20222.63
Aug-20-2015,20033.52
Aug-21-2015,19435.83
Aug-24-2015,18540.68
Aug-25-2015,17806.70
Aug-26-2015,18376.83
Aug-27-2015,18574.44
Aug-28-2015,19136.32
Aug-31-2015,18890.48
Sep-01-2015,18165.69
Sep-02-2015,18095.40
Sep-03-2015,18182.39
Sep-04-2015,17792.16
Sep-07-2015,17860.47
Sep-08-2015,17427.08
Sep-09-2015,18770.51
Sep-10-2015,18299.62
Sep-11-2015,18264.22
Sep-14-2015,17965.70
Sep-15-2015,18026.48
Sep-16-2015,18171.60
Sep-17-2015,18432.27
Sep-18-2015,18070.21
Sep-24-2015,17571.83
Sep-25-2015,17880.51
Sep-28-2015,17645.11
Sep-29-2015,16930.84
Sep-30-2015,17388.15
Oct-01-2015,17722.42
Oct-02-2015,17725.13
Oct-05-2015,18005.49
Oct-06-2015,18186.10
Oct-07-2015,18322.98
Oct-08-2015,18141.17
Oct-09-2015,18438.67
Oct-13-2015,18234.74
Oct-14-2015,17891.00
Oct-15-2015,18096.90
Oct-16-2015,18291.80
Oct-19-2015,18131.23
Oct-20-2015,18207.15
Oct-21-2015,18554.28
Oct-22-2015,18435.87
Oct-23-2015,18825.30
Oct-26-2015,18947.12
Oct-27-2015,18777.04
Oct-28-2015,18903.02
Oct-29-2015,18935.71
Oct-30-2015,19083.10
Nov-02-2015,18683.24
Nov-04-2015,18926.91
Nov-05-2015,19116.41
Nov-06-2015,19265.60
Nov-09-2015,19642.74
Nov-10-2015,19671.26
Nov-11-2015,19691.39
Nov-12-2015,19697.77
Nov-13-2015,19596.91
Nov-16-2015,19393.69
Nov-17-2015,19630.63
Nov-18-2015,19649.18
Nov-19-2015,19859.81
Nov-20-2015,19879.81
Nov-24-2015,19924.89
Nov-25-2015,19847.58
Nov-26-2015,19944.41
Nov-27-2015,19883.94
Nov-30-2015,19747.47
Dec-01-2015,20012.40
Dec-02-2015,19938.13
Dec-03-2015,19939.90
Dec-04-2015,19504.48
Dec-07-2015,19698.15
Dec-08-2015,19492.60
Dec-09-2015,19301.07
Dec-10-2015,19046.55
Dec-11-2015,19230.48
Dec-14-2015,18883.42
Dec-15-2015,18565.90
Dec-16-2015,19049.91
Dec-17-2015,19353.56
Dec-18-2015,18986.80
Dec-21-2015,18916.02
Dec-22-2015,18886.70
Dec-24-2015,18789.69
Dec-25-2015,18769.06
Dec-28-2015,18873.35
Dec-29-2015,18982.23
Dec-30-2015,19033.71
Jan-04-2016,18450.98
Jan-05-2016,18374.00
Jan-06-2016,18191.32
Jan-07-2016,17767.34
Jan-08-2016,17697.96
Jan-12-2016,17218.96
Jan-13-2016,17715.63
Jan-14-2016,17240.95
Jan-15-2016,17147.11
Jan-18-2016,16955.57
Jan-19-2016,17048.37
Jan-20-2016,16416.19
Jan-21-2016,16017.26
Jan-22-2016,16958.53
Jan-25-2016,17110.91
Jan-26-2016,16708.90
Jan-27-2016,17163.92
Jan-28-2016,17041.45
Jan-29-2016,17518.30
Feb-01-2016,17865.23
Feb-02-2016,17750.68
Feb-03-2016,17191.25
Feb-04-2016,17044.99
Feb-05-2016,16819.59
Feb-08-2016,17004.30
Feb-09-2016,16085.44
Feb-10-2016,15713.39
Feb-12-2016,14952.61
Feb-15-2016,16022.58
Feb-16-2016,16054.43
Feb-17-2016,15836.36
Feb-18-2016,16196.80
Feb-19-2016,15967.17
Feb-22-2016,16111.05
Feb-23-2016,16052.05
Feb-24-2016,15915.79
Feb-25-2016,16140.34
Feb-26-2016,16188.41
Feb-29-2016,16026.76
Mar-01-2016,16085.51
Mar-02-2016,16746.55
Mar-03-2016,16960.16
Mar-04-2016,17014.78
Mar-07-2016,16911.32
Mar-08-2016,16783.15
Mar-09-2016,16642.20
Mar-10-2016,16852.35
Mar-11-2016,16938.87
Mar-14-2016,17233.75
Mar-15-2016,17117.07
Mar-16-2016,16974.45
Mar-17-2016,16936.38
Mar-18-2016,16724.81
Mar-22-2016,17048.55
Mar-23-2016,17000.98
Mar-24-2016,16892.33
Mar-25-2016,17002.75
Mar-28-2016,17134.37
Mar-29-2016,17103.53
Mar-30-2016,16878.96
Mar-31-2016,16758.67
Apr-01-2016,16164.16
Apr-04-2016,16123.27
Apr-05-2016,15732.82
Apr-06-2016,15715.36
Apr-07-2016,15749.84
Apr-08-2016,15821.52
Apr-11-2016,15751.13
Apr-12-2016,15928.79
Apr-13-2016,16381.22
Apr-14-2016,16911.05
Apr-15-2016,16848.03
Apr-18-2016,16275.95
Apr-19-2016,16874.44
Apr-20-2016,16906.54
Apr-21-2016,17363.62
Apr-22-2016,17572.49
Apr-25-2016,17439.30
Apr-26-2016,17353.28
Apr-27-2016,17290.49
Apr-28-2016,16666.05
May-02-2016,16147.38
May-06-2016,16106.72
May-09-2016,16216.03
May-10-2016,16565.19
May-11-2016,16579.01
May-12-2016,16646.34
May-13-2016,16412.21
May-16-2016,16466.40
May-17-2016,16652.80
May-18-2016,16644.69
May-19-2016,16646.66
May-20-2016,16736.35
May-23-2016,16654.60
May-24-2016,16498.76
May-25-2016,16757.35
May-26-2016,16772.46
May-27-2016,16834.84
May-30-2016,17068.02
May-31-2016,17234.98
Jun-01-2016,16955.73
Jun-02-2016,16562.55
Jun-03-2016,16642.23
Jun-06-2016,16580.03
Jun-07-2016,16675.45
Jun-08-2016,16830.92
Jun-09-2016,16668.41
Jun-10-2016,16601.36
Jun-13-2016,16019.18
Jun-14-2016,15859.00
Jun-15-2016,15919.58
Jun-16-2016,15434.14
Jun-17-2016,15599.66
Jun-20-2016,15965.30
Jun-21-2016,16169.11
Jun-22-2016,16065.72
Jun-23-2016,16238.35
Jun-24-2016,14952.02
Jun-27-2016,15309.21
Jun-28-2016,15323.14
Jun-29-2016,15566.83
Jun-30-2016,15575.92
Jul-01-2016,15682.48
Jul-04-2016,15775.80
Jul-05-2016,15669.33
Jul-06-2016,15378.99
Jul-07-2016,15276.24
Jul-08-2016,15106.98
Jul-11-2016,15708.82
Jul-12-2016,16095.65
Jul-13-2016,16231.43
Jul-14-2016,16385.89
Jul-15-2016,16497.85
Jul-19-2016,16723.31
Jul-20-2016,16681.89
Jul-21-2016,16810.22
Jul-22-2016,16627.25
Jul-25-2016,16620.29
Jul-26-2016,16383.04
Jul-27-2016,16664.82
Jul-28-2016,16476.84
Jul-29-2016,16569.27
Aug-01-2016,16635.77
Aug-02-2016,16391.45
Aug-03-2016,16083.11
Aug-04-2016,16254.89
Aug-05-2016,16254.45
Aug-08-2016,16650.57
Aug-09-2016,16764.97
Aug-10-2016,16735.12
Aug-12-2016,16919.92
Aug-15-2016,16869.56
Aug-16-2016,16596.51
Aug-17-2016,16745.64
Aug-18-2016,16486.01
Aug-19-2016,16545.82
Aug-22-2016,16598.19
Aug-23-2016,16497.36
Aug-24-2016,16597.30
Aug-25-2016,16555.95
Aug-26-2016,16360.71
Aug-29-2016,16737.49
Aug-30-2016,16725.36
Aug-31-2016,16887.40
Sep-01-2016,16926.84
Sep-02-2016,16925.68
Sep-05-2016,17037.63
Sep-06-2016,17081.98
Sep-07-2016,17012.44
Sep-08-2016,16958.77
Sep-09-2016,16965.76
Sep-12-2016,16672.92
Sep-13-2016,16729.04
Sep-14-2016,16614.24
Sep-15-2016,16405.01
Sep-16-2016,16519.29
Sep-20-2016,16492.15
Sep-21-2016,16807.62
Sep-23-2016,16754.02
Sep-26-2016,16544.56
Sep-27-2016,16683.93
Sep-28-2016,16465.40
Sep-29-2016,16693.71
Sep-30-2016,16449.84
Oct-03-2016,16598.67
Oct-04-2016,16735.65
Oct-05-2016,16819.24
Oct-06-2016,16899.10
Oct-07-2016,16860.09
Oct-11-2016,17024.76
Oct-12-2016,16840.00
Oct-13-2016,16774.24
Oct-14-2016,16856.37
Oct-17-2016,16900.12
Oct-18-2016,16963.61
Oct-19-2016,16998.91
Oct-20-2016,17235.50
Oct-21-2016,17184.59
Oct-24-2016,17234.42
Oct-25-2016,17365.25
Oct-26-2016,17391.84
Oct-27-2016,17336.42
Oct-28-2016,17446.41
Oct-31-2016,17425.02
Nov-01-2016,17442.40
Nov-02-2016,17134.68
Nov-04-2016,16905.36
Nov-07-2016,17177.21
Nov-08-2016,17171.38
Nov-09-2016,16251.54
Nov-10-2016,17344.42
Nov-11-2016,17374.79
Nov-14-2016,17672.62
Nov-15-2016,17668.15
Nov-16-2016,17862.21
Nov-17-2016,17862.63
Nov-18-2016,17967.41
Nov-21-2016,18106.02
Nov-22-2016,18162.94
Nov-24-2016,18333.41
Nov-25-2016,18381.22
Nov-28-2016,18356.89
Nov-29-2016,18307.04
Nov-30-2016,18308.48
Dec-01-2016,18513.12
Dec-02-2016,18426.08
Dec-05-2016,18274.99
Dec-06-2016,18360.54
Dec-07-2016,18496.69
Dec-08-2016,18765.47
Dec-09-2016,18996.37
Dec-12-2016,19155.03
Dec-13-2016,19250.52
Dec-14-2016,19253.61
Dec-15-2016,19273.79
Dec-16-2016,19401.15
Dec-19-2016,19391.60
Dec-20-2016,19494.53
Dec-21-2016,19444.49
Dec-22-2016,19427.67
Dec-26-2016,19396.64
Dec-27-2016,19403.06
Dec-28-2016,19401.72
Dec-29-2016,19145.14
Dec-30-2016,19114.37
Jan-04-2017,19594.16
Jan-05-2017,19520.69
Jan-06-2017,19454.33
Jan-10-2017,19301.44
Jan-11-2017,19364.67
Jan-12-2017,19134.70
Jan-13-2017,19287.28
Jan-16-2017,19095.24
Jan-17-2017,18813.53
Jan-18-2017,18894.37
Jan-19-2017,19072.25
Jan-20-2017,19137.91
Jan-23-2017,18891.03
Jan-24-2017,18787.99
Jan-25-2017,19057.50
Jan-26-2017,19402.39
Jan-27-2017,19467.40
Jan-30-2017,19368.85
Jan-31-2017,19041.34
Feb-01-2017,19148.08
Feb-02-2017,18914.58
Feb-03-2017,18918.20
Feb-06-2017,18976.71
Feb-07-2017,18910.78
Feb-08-2017,19007.60
Feb-09-2017,18907.67
Feb-10-2017,19378.93
Feb-13-2017,19459.15
Feb-14-2017,19238.98
Feb-15-2017,19437.98
Feb-16-2017,19347.53
Feb-17-2017,19234.62
Feb-20-2017,19251.08
Feb-21-2017,19381.44
Feb-22-2017,19379.87
Feb-23-2017,19371.46
Feb-24-2017,19283.54
Feb-27-2017,19107.47
Feb-28-2017,19118.99
Mar-01-2017,19393.54
Mar-02-2017,19564.80
Mar-03-2017,19469.17
Mar-06-2017,19379.14
Mar-07-2017,19344.15
Mar-08-2017,19254.03
Mar-09-2017,19318.58
Mar-10-2017,19604.61
Mar-13-2017,19633.75
Mar-14-2017,19609.50
Mar-15-2017,19577.38
Mar-16-2017,19590.14
Mar-17-2017,19521.59
Mar-21-2017,19455.88
Mar-22-2017,19041.38
Mar-23-2017,19085.31
Mar-24-2017,19262.53
Mar-27-2017,18985.59
Mar-28-2017,19202.87
Mar-29-2017,19217.48
Mar-30-2017,19063.22
Mar-31-2017,18909.26
Apr-03-2017,18983.23
Apr-04-2017,18810.25
Apr-05-2017,18861.27
Apr-06-2017,18597.06
Apr-07-2017,18664.63
Apr-10-2017,18797.88
Apr-11-2017,18747.87
Apr-12-2017,18552.61
Apr-13-2017,18426.84
Apr-14-2017,18335.63
Apr-17-2017,18355.26
Apr-18-2017,18418.59
Apr-19-2017,18432.20
Apr-20-2017,18430.49
Apr-21-2017,18620.75
Apr-24-2017,18875.88
Apr-25-2017,19079.33
Apr-26-2017,19289.43
Apr-27-2017,19251.87
Apr-28-2017,19196.74
May-01-2017,19310.52
May-02-2017,19445.70
May-08-2017,19895.70
May-09-2017,19843.00
May-10-2017,19900.09
May-11-2017,19961.55
May-12-2017,19883.90
May-15-2017,19869.85
May-16-2017,19919.82
May-17-2017,19814.88
May-18-2017,19553.86
May-19-2017,19590.76
May-22-2017,19678.28
May-23-2017,19613.28
May-24-2017,19742.98
May-25-2017,19813.13
May-26-2017,19686.84
May-29-2017,19682.57
May-30-2017,19677.85
May-31-2017,19650.57
Jun-01-2017,19860.03
Jun-02-2017,20177.28
Jun-05-2017,20170.82
Jun-06-2017,19979.90
Jun-07-2017,19984.62
Jun-08-2017,19909.26
Jun-09-2017,20013.26
Jun-12-2017,19908.58
Jun-13-2017,19898.75
Jun-14-2017,19883.52
Jun-15-2017,19831.82
Jun-16-2017,19943.26
Jun-19-2017,20067.75
Jun-20-2017,20230.41
Jun-21-2017,20138.79
Jun-22-2017,20110.51
Jun-23-2017,20132.67
Jun-26-2017,20153.35
Jun-27-2017,20225.09
Jun-28-2017,20130.41
Jun-29-2017,20220.30
Jun-30-2017,20033.43
Jul-03-2017,20055.80
Jul-04-2017,20032.35
Jul-05-2017,20081.63
Jul-06-2017,19994.06
Jul-07-2017,19929.09
Jul-10-2017,20080.98
Jul-11-2017,20195.48
Jul-12-2017,20098.38
Jul-13-2017,20099.81
Jul-14-2017,20118.86
Jul-18-2017,19999.91
Jul-19-2017,20020.86
Jul-20-2017,20144.59
Jul-21-2017,20099.75
Jul-24-2017,19975.67
Jul-25-2017,19955.20
Jul-26-2017,20050.16
Jul-27-2017,20079.64
Jul-28-2017,19959.84
Jul-31-2017,19925.18
Aug-01-2017,19985.79
Aug-02-2017,20080.04
Aug-03-2017,20029.26
Aug-04-2017,19952.33
Aug-07-2017,20055.89
Aug-08-2017,19996.01
Aug-09-2017,19738.71
Aug-10-2017,19729.74
Aug-14-2017,19537.10
Aug-15-2017,19753.31
Aug-16-2017,19729.28
Aug-17-2017,19702.63
Aug-18-2017,19470.41
Aug-21-2017,19393.13
Aug-22-2017,19383.84
Aug-23-2017,19434.64
Aug-24-2017,19353.77
Aug-25-2017,19452.61
Aug-28-2017,19449.90
Aug-29-2017,19362.55
Aug-30-2017,19506.54
Aug-31-2017,19646.24
Sep-01-2017,19691.47
Sep-04-2017,19508.25
Sep-05-2017,19385.81
Sep-06-2017,19357.97
Sep-07-2017,19396.52
Sep-08-2017,19274.82
Sep-11-2017,19545.77
Sep-12-2017,19776.62
Sep-13-2017,19865.82
Sep-14-2017,19807.44
Sep-15-2017,19909.50
Sep-19-2017,20299.38
Sep-20-2017,20310.46
Sep-21-2017,20347.48
Sep-22-2017,20296.45
Sep-25-2017,20397.58
Sep-26-2017,20330.19
Sep-27-2017,20267.05
Sep-28-2017,20363.11
Sep-29-2017,20356.28
Oct-02-2017,20400.78
Oct-03-2017,20614.07
Oct-04-2017,20626.66
Oct-05-2017,20628.56
Oct-06-2017,20690.71
Oct-10-2017,20823.51
Oct-11-2017,20881.27
Oct-12-2017,20954.72
Oct-13-2017,21155.18
Oct-16-2017,21255.56
Oct-17-2017,21336.12
Oct-18-2017,21363.05
Oct-19-2017,21448.52
Oct-20-2017,21457.64
Oct-23-2017,21696.65
Oct-24-2017,21805.17
Oct-25-2017,21707.62
Oct-26-2017,21739.78
Oct-27-2017,22008.45
Oct-30-2017,22011.67
Oct-31-2017,22011.61
Nov-01-2017,22420.08
Nov-02-2017,22539.12
Nov-06-2017,22548.35
Nov-07-2017,22937.60
Nov-08-2017,22913.82
Nov-09-2017,22868.71
Nov-10-2017,22681.42
Nov-13-2017,22380.99
Nov-14-2017,22380.01
Nov-15-2017,22028.32
Nov-16-2017,22351.12
Nov-17-2017,22396.80
Nov-20-2017,22261.76
Nov-21-2017,22416.48
Nov-22-2017,22523.15
Nov-24-2017,22550.85
Nov-27-2017,22495.99
Nov-28-2017,22486.24
Nov-29-2017,22597.20
Nov-30-2017,22724.96
Dec-01-2017,22819.03
Dec-04-2017,22707.16
Dec-05-2017,22622.38
Dec-06-2017,22177.04
Dec-07-2017,22498.03
Dec-08-2017,22811.08
Dec-11-2017,22938.73
Dec-12-2017,22866.17
Dec-13-2017,22758.07
Dec-14-2017,22694.45
Dec-15-2017,22553.22
Dec-18-2017,22901.77
Dec-19-2017,22868.00
Dec-20-2017,22891.72
Dec-21-2017,22866.10
Dec-22-2017,22902.76
Dec-25-2017,22939.18
Dec-26-2017,22892.69
Dec-27-2017,22911.21
Dec-28-2017,22783.98
Dec-29-2017,22764.94
Jan-04-2018,23506.33
Jan-05-2018,23714.53
Jan-09-2018,23849.99
Jan-10-2018,23788.20
Jan-11-2018,23710.43
Jan-12-2018,23653.82
Jan-15-2018,23714.88
Jan-16-2018,23951.81
Jan-17-2018,23868.34
Jan-18-2018,23763.37
Jan-19-2018,23808.06
Jan-22-2018,23816.33
Jan-23-2018,24124.15
Jan-24-2018,23940.78
Jan-25-2018,23669.49
Jan-26-2018,23631.88
Jan-29-2018,23629.34
Jan-30-2018,23291.97
Jan-31-2018,23098.29
Feb-01-2018,23486.11
Feb-02-2018,23274.53
Feb-05-2018,22682.08
Feb-06-2018,21610.24
Feb-07-2018,21645.37
Feb-08-2018,21890.86
Feb-09-2018,21382.62
Feb-13-2018,21244.68
Feb-14-2018,21154.17
Feb-15-2018,21464.98
Feb-16-2018,21720.25
Feb-19-2018,22149.21
Feb-20-2018,21925.10
Feb-21-2018,21970.81
Feb-22-2018,21736.44
Feb-23-2018,21892.78
Feb-26-2018,22153.63
Feb-27-2018,22389.86
Feb-28-2018,22068.24
Mar-01-2018,21724.47
Mar-02-2018,21181.64
Mar-05-2018,21042.09
Mar-06-2018,21417.76
Mar-07-2018,21252.72
Mar-08-2018,21368.07
Mar-09-2018,21469.20
Mar-12-2018,21824.03
Mar-13-2018,21968.10
Mar-14-2018,21777.29
Mar-15-2018,21803.95
Mar-16-2018,21676.51
Mar-19-2018,21480.90
Mar-20-2018,21380.97
Mar-22-2018,21591.99
Mar-23-2018,20617.86
Mar-26-2018,20766.10
Mar-27-2018,21317.32
Mar-28-2018,21031.31
Mar-29-2018,21159.08
Mar-30-2018,21454.30
Apr-02-2018,21388.58
Apr-03-2018,21292.29
Apr-04-2018,21319.55
Apr-05-2018,21645.42
Apr-06-2018,21567.52
Apr-09-2018,21678.26
Apr-10-2018,21794.32
Apr-11-2018,21687.10
Apr-12-2018,21660.28
Apr-13-2018,21778.74
Apr-16-2018,21835.53
Apr-17-2018,21847.59
Apr-18-2018,22158.20
Apr-19-2018,22191.18
Apr-20-2018,22162.24
Apr-23-2018,22088.04
Apr-24-2018,22278.12
Apr-25-2018,22215.32
Apr-26-2018,22319.61
Apr-27-2018,22467.87
May-01-2018,22508.03
May-02-2018,22472.78
May-07-2018,22467.16
May-08-2018,22508.69
May-09-2018,22408.88
May-10-2018,22497.18
May-11-2018,22758.48
May-14-2018,22865.86
May-15-2018,22818.02
May-16-2018,22717.23
May-17-2018,22838.37
May-18-2018,22930.36
May-21-2018,23002.37
May-22-2018,22960.34
May-23-2018,22689.74
May-24-2018,22437.01
May-25-2018,22450.79
May-28-2018,22481.09
May-29-2018,22358.43
May-30-2018,22018.52
May-31-2018,22201.82
Jun-01-2018,22171.35
Jun-04-2018,22475.94
Jun-05-2018,22539.54
Jun-06-2018,22625.73
Jun-07-2018,22823.26
Jun-08-2018,22694.50
Jun-11-2018,22804.04
Jun-12-2018,22878.35
Jun-13-2018,22966.38
Jun-14-2018,22738.61
Jun-15-2018,22851.75
Jun-18-2018,22680.33
Jun-19-2018,22278.48
Jun-20-2018,22555.43
Jun-21-2018,22693.04
Jun-22-2018,22516.83
Jun-25-2018,22338.15
Jun-26-2018,22342.00
Jun-27-2018,22271.77
Jun-28-2018,22270.39
Jun-29-2018,22304.51
Jul-02-2018,21811.93
Jul-03-2018,21785.54
Jul-04-2018,21717.04
Jul-05-2018,21546.99
Jul-06-2018,21788.14
Jul-09-2018,22052.18
Jul-10-2018,22196.89
Jul-11-2018,21932.21
Jul-12-2018,22187.96
Jul-13-2018,22597.35
Jul-17-2018,22697.36
Jul-18-2018,22794.19
Jul-19-2018,22764.68
Jul-20-2018,22697.88
Jul-23-2018,22396.99
Jul-24-2018,22510.48
Jul-25-2018,22614.25
Jul-26-2018,22586.87
Jul-27-2018,22712.75
Jul-30-2018,22544.84
Jul-31-2018,22553.72
Aug-01-2018,22746.70
Aug-02-2018,22512.53
Aug-03-2018,22525.18
Aug-06-2018,22507.32
Aug-07-2018,22662.74
Aug-08-2018,22644.31
Aug-09-2018,22598.39
Aug-10-2018,22298.08
Aug-13-2018,21857.43
Aug-14-2018,22356.08
Aug-15-2018,22204.22
Aug-16-2018,22192.04
Aug-17-2018,22270.38
Aug-20-2018,22199.00
Aug-21-2018,22219.73
Aug-22-2018,22362.55
Aug-23-2018,22410.82
Aug-24-2018,22601.77
Aug-27-2018,22799.64
Aug-28-2018,22813.47
Aug-29-2018,22848.22
Aug-30-2018,22869.50
Aug-31-2018,22865.15
Sep-03-2018,22707.38
Sep-04-2018,22696.90
Sep-05-2018,22580.83
Sep-06-2018,22487.94
Sep-07-2018,22307.06
Sep-10-2018,22373.09
Sep-11-2018,22664.69
Sep-12-2018,22604.61
Sep-13-2018,22821.32
Sep-14-2018,23094.67
Sep-18-2018,23420.54
Sep-19-2018,23672.52
Sep-20-2018,23674.93
Sep-21-2018,23869.93
Sep-25-2018,23940.26
Sep-26-2018,24033.79
Sep-27-2018,23796.74
Sep-28-2018,24120.04
Oct-01-2018,24245.76
Oct-02-2018,24270.62
Oct-03-2018,24110.96
Oct-04-2018,23975.62
Oct-05-2018,23783.72
Oct-09-2018,23469.39
Oct-10-2018,23506.04
Oct-11-2018,22590.86
Oct-12-2018,22694.66
Oct-15-2018,22271.30
Oct-16-2018,22549.24
Oct-17-2018,22841.12
Oct-18-2018,22658.16
Oct-19-2018,22532.08
Oct-22-2018,22614.82
Oct-23-2018,22010.78
Oct-24-2018,22091.18
Oct-25-2018,21268.73
Oct-26-2018,21184.63
Oct-29-2018,21149.80
Oct-30-2018,21457.29
Oct-31-2018,21920.46
Nov-01-2018,21687.65
Nov-02-2018,22243.66
Nov-05-2018,21898.99
Nov-06-2018,22147.75
Nov-07-2018,22085.80
Nov-08-2018,22486.92
Nov-09-2018,22250.25
Nov-12-2018,22269.88
Nov-13-2018,21810.52
Nov-14-2018,21846.48
Nov-15-2018,21803.62
Nov-16-2018,21680.34
Nov-19-2018,21821.16
Nov-20-2018,21583.12
Nov-21-2018,21507.54
Nov-22-2018,21646.55
Nov-26-2018,21812.00
Nov-27-2018,21952.40
Nov-28-2018,22177.02
Nov-29-2018,22262.62
Nov-30-2018,22351.06
Dec-03-2018,22574.76
Dec-04-2018,22036.05
Dec-05-2018,21919.33
Dec-06-2018,21501.62
Dec-07-2018,21678.68
Dec-10-2018,21219.50
Dec-11-2018,21148.02
Dec-12-2018,21602.75
Dec-13-2018,21816.19
Dec-14-2018,21374.83
Dec-17-2018,21506.88
Dec-18-2018,21115.45
Dec-19-2018,20987.92
Dec-20-2018,20392.58
Dec-21-2018,20166.19
Dec-25-2018,19155.74
Dec-26-2018,19327.06
Dec-27-2018,20077.62
Dec-28-2018,20014.77
Jan-04-2019,19561.96
Jan-07-2019,20038.97
Jan-08-2019,20204.04
Jan-09-2019,20427.06
Jan-10-2019,20163.80
Jan-11-2019,20359.70
Jan-15-2019,20555.29
Jan-16-2019,20442.75
Jan-17-2019,20402.27
Jan-18-2019,20666.07
Jan-21-2019,20719.33
Jan-22-2019,20622.91
Jan-23-2019,20593.72
Jan-24-2019,20574.63
Jan-25-2019,20773.56
Jan-28-2019,20649.00
Jan-29-2019,20664.64
Jan-30-2019,20556.54
Jan-31-2019,20773.49
Feb-01-2019,20788.39
Feb-04-2019,20883.77
Feb-05-2019,20844.45
Feb-06-2019,20874.06
Feb-07-2019,20751.28
Feb-08-2019,20333.17
Feb-12-2019,20864.21
Feb-13-2019,21144.48
Feb-14-2019,21139.71
Feb-15-2019,20900.63
Feb-18-2019,21281.85
Feb-19-2019,21302.65
Feb-20-2019,21431.49
Feb-21-2019,21464.23
Feb-22-2019,21425.51
Feb-25-2019,21528.23
Feb-26-2019,21449.39
Feb-27-2019,21556.51
Feb-28-2019,21385.16
Mar-01-2019,21602.69
Mar-04-2019,21822.04
Mar-05-2019,21726.28
Mar-06-2019,21596.81
Mar-07-2019,21456.01
Mar-08-2019,21025.56
Mar-11-2019,21125.09
Mar-12-2019,21503.69
Mar-13-2019,21290.24
Mar-14-2019,21287.02
Mar-15-2019,21450.85
Mar-18-2019,21584.50
Mar-19-2019,21566.85
Mar-20-2019,21608.92
Mar-22-2019,21627.34
Mar-25-2019,20977.11
Mar-26-2019,21428.39
Mar-27-2019,21378.73
Mar-28-2019,21033.76
Mar-29-2019,21205.81
Apr-01-2019,21509.03
Apr-02-2019,21505.31
Apr-03-2019,21713.21
Apr-04-2019,21724.95
Apr-05-2019,21807.50
Apr-08-2019,21761.65
Apr-09-2019,21802.59
Apr-10-2019,21687.57
Apr-11-2019,21711.38
Apr-12-2019,21870.56
Apr-15-2019,22169.11
Apr-16-2019,22221.66
Apr-17-2019,22277.97
Apr-18-2019,22090.12
Apr-19-2019,22200.56
Apr-22-2019,22217.90
Apr-23-2019,22259.74
Apr-24-2019,22200.00
Apr-25-2019,22307.58
Apr-26-2019,22258.73
May-07-2019,21923.72
May-08-2019,21602.59
May-09-2019,21402.13
May-10-2019,21344.92
May-13-2019,21191.28
May-14-2019,21067.23
May-15-2019,21188.56
May-16-2019,21062.98
May-17-2019,21250.09
May-20-2019,21301.73
May-21-2019,21272.45
May-22-2019,21283.37
May-23-2019,21151.14
May-24-2019,21117.22
May-27-2019,21182.58
May-28-2019,21260.14
May-29-2019,21003.37
May-30-2019,20942.53
May-31-2019,20601.19
Jun-03-2019,20410.88
Jun-04-2019,20408.54
Jun-05-2019,20776.10
Jun-06-2019,20774.04
Jun-07-2019,20884.71
Jun-10-2019,21134.42
Jun-11-2019,21204.28
Jun-12-2019,21129.72
Jun-13-2019,21032.00
Jun-14-2019,21116.89
Jun-17-2019,21124.00
Jun-18-2019,20972.71
Jun-19-2019,21333.87
Jun-20-2019,21462.86
Jun-21-2019,21258.64
Jun-24-2019,21285.99
Jun-25-2019,21193.81
Jun-26-2019,21086.59
Jun-27-2019,21338.17
Jun-28-2019,21275.92
Jul-01-2019,21729.97
Jul-02-2019,21754.27
Jul-03-2019,21638.16
Jul-04-2019,21702.45
Jul-05-2019,21746.38
Jul-08-2019,21534.35
Jul-09-2019,21565.15
Jul-10-2019,21533.48
Jul-11-2019,21643.53
Jul-12-2019,21685.90
Jul-16-2019,21535.25
Jul-17-2019,21469.18
Jul-18-2019,21046.24
Jul-19-2019,21466.99
Jul-22-2019,21416.79
Jul-23-2019,21620.88
Jul-24-2019,21709.57
Jul-25-2019,21756.55
Jul-26-2019,21658.15
Jul-29-2019,21616.80
Jul-30-2019,21709.31
Jul-31-2019,21521.53
Aug-01-2019,21540.99
Aug-02-2019,21087.16
Aug-05-2019,20720.29
Aug-06-2019,20585.31
Aug-07-2019,20516.56
Aug-08-2019,20593.35
Aug-09-2019,20684.82
Aug-13-2019,20455.44
Aug-14-2019,20655.13
Aug-15-2019,20405.65
Aug-16-2019,20418.81
Aug-19-2019,20563.16
Aug-20-2019,20677.22
Aug-21-2019,20618.57
Aug-22-2019,20628.01
Aug-23-2019,20710.91
Aug-26-2019,20261.04
Aug-27-2019,20456.08
Aug-28-2019,20479.42
Aug-29-2019,20460.93
Aug-30-2019,20704.37
Sep-02-2019,20620.19
Sep-03-2019,20625.16
Sep-04-2019,20649.14
Sep-05-2019,21085.94
Sep-06-2019,21199.57
Sep-09-2019,21318.42
Sep-10-2019,21392.10
Sep-11-2019,21597.76
Sep-12-2019,21759.61
Sep-13-2019,21988.29
Sep-17-2019,22001.32
Sep-18-2019,21960.71
Sep-19-2019,22044.45
Sep-20-2019,22079.09
Sep-24-2019,22098.84
Sep-25-2019,22020.15
Sep-26-2019,22048.24
Sep-27-2019,21878.90
Sep-30-2019,21755.84
Oct-01-2019,21885.24
Oct-02-2019,21778.61
Oct-03-2019,21341.74
Oct-04-2019,21410.20
Oct-07-2019,21375.25
Oct-08-2019,21587.78
Oct-09-2019,21456.38
Oct-10-2019,21551.98
Oct-11-2019,21798.87
Oct-15-2019,22207.21
Oct-16-2019,22472.92
Oct-17-2019,22451.86
Oct-18-2019,22492.68
Oct-21-2019,22548.90
Oct-23-2019,22625.38
Oct-24-2019,22750.60
Oct-25-2019,22799.81
Oct-28-2019,22867.27
Oct-29-2019,22974.13
Oct-30-2019,22843.12
Oct-31-2019,22927.04
Nov-01-2019,22850.77
Nov-05-2019,23251.99
Nov-06-2019,23303.82
Nov-07-2019,23330.32
Nov-08-2019,23391.87
Nov-11-2019,23331.84
Nov-12-2019,23520.01
Nov-13-2019,23319.87
Nov-14-2019,23141.55
Nov-15-2019,23303.32
Nov-18-2019,23416.76
Nov-19-2019,23292.65
Nov-20-2019,23148.57
Nov-21-2019,23038.58
Nov-22-2019,23112.88
Nov-25-2019,23292.81
Nov-26-2019,23373.32
Nov-27-2019,23437.77
Nov-28-2019,23409.14
Nov-29-2019,23293.91
Dec-02-2019,23529.50
Dec-03-2019,23379.81
Dec-04-2019,23135.23
Dec-05-2019,23300.09
Dec-06-2019,23354.40
Dec-09-2019,23430.70
Dec-10-2019,23410.19
Dec-11-2019,23391.86
Dec-12-2019,23424.81
Dec-13-2019,24023.10
Dec-16-2019,23952.35
Dec-17-2019,24066.12
Dec-18-2019,23934.43
Dec-19-2019,23864.85
Dec-20-2019,23816.63
Dec-23-2019,23821.11
Dec-24-2019,23830.58
Dec-25-2019,23782.87
Dec-26-2019,23924.92
Dec-27-2019,23837.72
Dec-30-2019,23656.62
