Date,High,Low,Open,Close,Volume,Adj Close,Ticker
2015-01-02,1100.0,1100.0,1100.0,1100.0,0.0,1100.0,SSNLF
2015-01-05,1250.0,1250.0,1250.0,1250.0,1.0,1250.0,SSNLF
2015-01-06,1250.0,1250.0,1250.0,1250.0,0.0,1250.0,SSNLF
2015-01-07,1250.0,1250.0,1250.0,1250.0,0.0,1250.0,SSNLF
2015-01-08,1250.0,1250.0,1250.0,1250.0,0.0,1250.0,SSNLF
2015-01-09,1250.0,1250.0,1250.0,1250.0,0.0,1250.0,SSNLF
2015-01-12,1250.0,1250.0,1250.0,1250.0,0.0,1250.0,SSNLF
2015-01-13,1250.0,1250.0,1250.0,1250.0,0.0,1250.0,SSNLF
2015-01-14,1250.0,1250.0,1250.0,1250.0,0.0,1250.0,SSNLF
2015-01-15,1250.0,1250.0,1250.0,1250.0,0.0,1250.0,SSNLF
2015-01-16,1250.0,1250.0,1250.0,1250.0,0.0,1250.0,SSNLF
2015-01-20,1250.0,1250.0,1250.0,1250.0,0.0,1250.0,SSNLF
2015-01-21,1250.0,1250.0,1250.0,1250.0,0.0,1250.0,SSNLF
2015-01-22,1250.0,1250.0,1250.0,1250.0,0.0,1250.0,SSNLF
2015-01-23,1250.0,1250.0,1250.0,1250.0,0.0,1250.0,SSNLF
2015-01-26,1250.0,1250.0,1250.0,1250.0,0.0,1250.0,SSNLF
2015-01-27,1250.0,1250.0,1250.0,1250.0,0.0,1250.0,SSNLF
2015-01-28,1250.0,1250.0,1250.0,1250.0,0.0,1250.0,SSNLF
2015-01-29,1250.0,1250.0,1250.0,1250.0,0.0,1250.0,SSNLF
2015-01-30,1250.0,1250.0,1250.0,1250.0,0.0,1250.0,SSNLF
2015-02-02,1250.0,1250.0,1250.0,1250.0,0.0,1250.0,SSNLF
2015-02-03,1250.0,1250.0,1250.0,1250.0,0.0,1250.0,SSNLF
2015-02-04,1250.0,1250.0,1250.0,1250.0,0.0,1250.0,SSNLF
2015-02-05,1250.0,1250.0,1250.0,1250.0,0.0,1250.0,SSNLF
2015-02-06,1200.0,1200.0,1200.0,1200.0,1.0,1200.0,SSNLF
2015-02-09,1200.0,1200.0,1200.0,1200.0,0.0,1200.0,SSNLF
2015-02-10,1200.0,1200.0,1200.0,1200.0,0.0,1200.0,SSNLF
2015-02-11,1200.0,1200.0,1200.0,1200.0,0.0,1200.0,SSNLF
2015-02-12,1200.0,1200.0,1200.0,1200.0,0.0,1200.0,SSNLF
2015-02-13,1200.0,1200.0,1200.0,1200.0,0.0,1200.0,SSNLF
2015-02-17,1200.0,1200.0,1200.0,1200.0,0.0,1200.0,SSNLF
2015-02-18,1200.0,1200.0,1200.0,1200.0,0.0,1200.0,SSNLF
2015-02-19,1200.0,1200.0,1200.0,1200.0,0.0,1200.0,SSNLF
2015-02-20,1200.0,1200.0,1200.0,1200.0,1.0,1200.0,SSNLF
2015-02-23,1200.0,1200.0,1200.0,1200.0,0.0,1200.0,SSNLF
2015-02-24,1200.0,1200.0,1200.0,1200.0,0.0,1200.0,SSNLF
2015-02-25,1200.0,1200.0,1200.0,1200.0,0.0,1200.0,SSNLF
2015-02-26,1200.0,1200.0,1200.0,1200.0,0.0,1200.0,SSNLF
2015-02-27,1200.0,1200.0,1200.0,1200.0,0.0,1200.0,SSNLF
2015-03-02,1200.0,1200.0,1200.0,1200.0,0.0,1200.0,SSNLF
2015-03-03,1200.0,1200.0,1200.0,1200.0,0.0,1200.0,SSNLF
2015-03-04,1200.0,1200.0,1200.0,1200.0,0.0,1200.0,SSNLF
2015-03-05,1200.0,1200.0,1200.0,1200.0,0.0,1200.0,SSNLF
2015-03-06,1200.0,1200.0,1200.0,1200.0,0.0,1200.0,SSNLF
2015-03-09,1200.0,1200.0,1200.0,1200.0,0.0,1200.0,SSNLF
2015-03-10,1200.0,1200.0,1200.0,1200.0,0.0,1200.0,SSNLF
2015-03-11,1200.0,1200.0,1200.0,1200.0,0.0,1200.0,SSNLF
2015-03-12,1200.0,1200.0,1200.0,1200.0,0.0,1200.0,SSNLF
2015-03-13,1200.0,1200.0,1200.0,1200.0,0.0,1200.0,SSNLF
2015-03-16,1200.0,1200.0,1200.0,1200.0,0.0,1200.0,SSNLF
2015-03-17,1200.0,1200.0,1200.0,1200.0,0.0,1200.0,SSNLF
2015-03-18,1200.0,1200.0,1200.0,1200.0,0.0,1200.0,SSNLF
2015-03-19,1200.0,1200.0,1200.0,1200.0,0.0,1200.0,SSNLF
2015-03-20,1200.0,1200.0,1200.0,1200.0,0.0,1200.0,SSNLF
2015-03-23,1200.0,1200.0,1200.0,1200.0,0.0,1200.0,SSNLF
2015-03-24,1200.0,1200.0,1200.0,1200.0,0.0,1200.0,SSNLF
2015-03-25,1200.0,1200.0,1200.0,1200.0,0.0,1200.0,SSNLF
2015-03-26,1200.0,1200.0,1200.0,1200.0,0.0,1200.0,SSNLF
2015-03-27,1200.0,1200.0,1200.0,1200.0,0.0,1200.0,SSNLF
2015-03-30,1200.0,1200.0,1200.0,1200.0,0.0,1200.0,SSNLF
2015-03-31,1200.0,1200.0,1200.0,1200.0,0.0,1200.0,SSNLF
2015-04-01,1200.0,1200.0,1200.0,1200.0,0.0,1200.0,SSNLF
2015-04-02,1200.0,1200.0,1200.0,1200.0,0.0,1200.0,SSNLF
2015-04-06,1275.0,1275.0,1275.0,1275.0,1.0,1275.0,SSNLF
2015-04-07,1275.0,1275.0,1275.0,1275.0,0.0,1275.0,SSNLF
2015-04-08,1275.0,1275.0,1275.0,1275.0,0.0,1275.0,SSNLF
2015-04-09,1275.0,1275.0,1275.0,1275.0,0.0,1275.0,SSNLF
2015-04-10,1275.0,1275.0,1275.0,1275.0,0.0,1275.0,SSNLF
2015-04-13,1275.0,1275.0,1275.0,1275.0,0.0,1275.0,SSNLF
2015-04-14,1275.0,1275.0,1275.0,1275.0,0.0,1275.0,SSNLF
2015-04-15,1275.0,1275.0,1275.0,1275.0,0.0,1275.0,SSNLF
2015-04-16,1275.0,1275.0,1275.0,1275.0,0.0,1275.0,SSNLF
2015-04-17,1275.0,1275.0,1275.0,1275.0,0.0,1275.0,SSNLF
2015-04-20,1275.0,1275.0,1275.0,1275.0,0.0,1275.0,SSNLF
2015-04-21,1275.0,1275.0,1275.0,1275.0,0.0,1275.0,SSNLF
2015-04-22,1275.0,1275.0,1275.0,1275.0,1.0,1275.0,SSNLF
2015-04-23,1275.0,1275.0,1275.0,1275.0,0.0,1275.0,SSNLF
2015-04-24,1275.0,1275.0,1275.0,1275.0,0.0,1275.0,SSNLF
2015-04-27,1286.8499755859375,1286.8499755859375,1286.8499755859375,1286.8499755859375,2.0,1286.8499755859375,SSNLF
2015-04-28,1286.8499755859375,1286.8499755859375,1286.8499755859375,1286.8499755859375,0.0,1286.8499755859375,SSNLF
2015-04-29,1286.8499755859375,1286.8499755859375,1286.8499755859375,1286.8499755859375,0.0,1286.8499755859375,SSNLF
2015-04-30,1286.8499755859375,1286.8499755859375,1286.8499755859375,1286.8499755859375,0.0,1286.8499755859375,SSNLF
2015-05-01,1286.8499755859375,1286.8499755859375,1286.8499755859375,1286.8499755859375,0.0,1286.8499755859375,SSNLF
2015-05-04,1286.8499755859375,1286.8499755859375,1286.8499755859375,1286.8499755859375,0.0,1286.8499755859375,SSNLF
2015-05-05,1286.8499755859375,1286.8499755859375,1286.8499755859375,1286.8499755859375,0.0,1286.8499755859375,SSNLF
2015-05-06,1286.8499755859375,1286.8499755859375,1286.8499755859375,1286.8499755859375,0.0,1286.8499755859375,SSNLF
2015-05-07,1286.8499755859375,1286.8499755859375,1286.8499755859375,1286.8499755859375,0.0,1286.8499755859375,SSNLF
2015-05-08,1286.8499755859375,1286.8499755859375,1286.8499755859375,1286.8499755859375,0.0,1286.8499755859375,SSNLF
2015-05-11,1286.8499755859375,1286.8499755859375,1286.8499755859375,1286.8499755859375,0.0,1286.8499755859375,SSNLF
2015-05-12,1286.8499755859375,1286.8499755859375,1286.8499755859375,1286.8499755859375,0.0,1286.8499755859375,SSNLF
2015-05-13,1286.8499755859375,1286.8499755859375,1286.8499755859375,1286.8499755859375,0.0,1286.8499755859375,SSNLF
2015-05-14,1286.8499755859375,1286.8499755859375,1286.8499755859375,1286.8499755859375,0.0,1286.8499755859375,SSNLF
2015-05-15,1286.8499755859375,1286.8499755859375,1286.8499755859375,1286.8499755859375,0.0,1286.8499755859375,SSNLF
2015-05-18,1286.8499755859375,1286.8499755859375,1286.8499755859375,1286.8499755859375,0.0,1286.8499755859375,SSNLF
2015-05-19,1286.8499755859375,1286.8499755859375,1286.8499755859375,1286.8499755859375,0.0,1286.8499755859375,SSNLF
2015-05-20,1286.8499755859375,1286.8499755859375,1286.8499755859375,1286.8499755859375,0.0,1286.8499755859375,SSNLF
2015-05-21,1239.1400146484375,1239.1400146484375,1239.1400146484375,1239.1400146484375,2.0,1239.1400146484375,SSNLF
2015-05-22,1239.1400146484375,1239.1400146484375,1239.1400146484375,1239.1400146484375,0.0,1239.1400146484375,SSNLF
2015-05-26,1239.1400146484375,1239.1400146484375,1239.1400146484375,1239.1400146484375,0.0,1239.1400146484375,SSNLF
2015-05-27,1150.0,1150.0,1150.0,1150.0,1.0,1150.0,SSNLF
2015-05-28,1150.0,1150.0,1150.0,1150.0,0.0,1150.0,SSNLF
2015-05-29,1150.0,1150.0,1150.0,1150.0,0.0,1150.0,SSNLF
2015-06-01,1150.0,1150.0,1150.0,1150.0,0.0,1150.0,SSNLF
2015-06-02,1150.0,1150.0,1150.0,1150.0,0.0,1150.0,SSNLF
2015-06-03,1150.0,1150.0,1150.0,1150.0,0.0,1150.0,SSNLF
2015-06-04,1150.0,1150.0,1150.0,1150.0,0.0,1150.0,SSNLF
2015-06-05,1150.0,1150.0,1150.0,1150.0,0.0,1150.0,SSNLF
2015-06-08,1150.0,1150.0,1150.0,1150.0,0.0,1150.0,SSNLF
2015-06-09,1150.0,1150.0,1150.0,1150.0,0.0,1150.0,SSNLF
2015-06-10,1150.0,1150.0,1150.0,1150.0,0.0,1150.0,SSNLF
2015-06-11,1150.0,1150.0,1150.0,1150.0,0.0,1150.0,SSNLF
2015-06-12,1200.0,1200.0,1200.0,1200.0,1.0,1200.0,SSNLF
2015-06-15,1200.0,1200.0,1200.0,1200.0,0.0,1200.0,SSNLF
2015-06-16,1200.0,1200.0,1200.0,1200.0,0.0,1200.0,SSNLF
2015-06-17,1200.0,1200.0,1200.0,1200.0,0.0,1200.0,SSNLF
2015-06-18,1200.0,1200.0,1200.0,1200.0,0.0,1200.0,SSNLF
2015-06-19,1200.0,1200.0,1200.0,1200.0,0.0,1200.0,SSNLF
2015-06-22,1200.0,1200.0,1200.0,1200.0,0.0,1200.0,SSNLF
2015-06-23,1200.0,1200.0,1200.0,1200.0,0.0,1200.0,SSNLF
2015-06-24,1200.0,1200.0,1200.0,1200.0,0.0,1200.0,SSNLF
2015-06-25,1200.0,1200.0,1200.0,1200.0,0.0,1200.0,SSNLF
2015-06-26,1200.0,1200.0,1200.0,1200.0,0.0,1200.0,SSNLF
2015-06-29,1110.0,1110.0,1110.0,1110.0,1.0,1110.0,SSNLF
2015-06-30,1110.0,1110.0,1110.0,1110.0,0.0,1110.0,SSNLF
2015-07-01,1110.0,1110.0,1110.0,1110.0,0.0,1110.0,SSNLF
2015-07-02,1110.0,1110.0,1110.0,1110.0,0.0,1110.0,SSNLF
2015-07-06,1110.0,1110.0,1110.0,1110.0,0.0,1110.0,SSNLF
2015-07-07,1110.0,1110.0,1110.0,1110.0,0.0,1110.0,SSNLF
2015-07-08,1110.0,1110.0,1110.0,1110.0,0.0,1110.0,SSNLF
2015-07-09,1110.0,1110.0,1110.0,1110.0,0.0,1110.0,SSNLF
2015-07-10,1110.0,1110.0,1110.0,1110.0,0.0,1110.0,SSNLF
2015-07-13,1110.0,1110.0,1110.0,1110.0,0.0,1110.0,SSNLF
2015-07-14,1110.0,1110.0,1110.0,1110.0,0.0,1110.0,SSNLF
2015-07-15,1110.0,1110.0,1110.0,1110.0,0.0,1110.0,SSNLF
2015-07-16,1110.0,1110.0,1110.0,1110.0,0.0,1110.0,SSNLF
2015-07-17,1110.0,1110.0,1110.0,1110.0,0.0,1110.0,SSNLF
2015-07-20,1110.0,1110.0,1110.0,1110.0,0.0,1110.0,SSNLF
2015-07-21,1110.0,1110.0,1110.0,1110.0,0.0,1110.0,SSNLF
2015-07-22,1110.0,1110.0,1110.0,1110.0,0.0,1110.0,SSNLF
2015-07-23,1110.0,1110.0,1110.0,1110.0,0.0,1110.0,SSNLF
2015-07-24,1110.0,1110.0,1110.0,1110.0,0.0,1110.0,SSNLF
2015-07-27,1110.0,1110.0,1110.0,1110.0,0.0,1110.0,SSNLF
2015-07-28,1047.0,1047.0,1047.0,1047.0,1.0,1047.0,SSNLF
2015-07-29,1047.0,1047.0,1047.0,1047.0,0.0,1047.0,SSNLF
2015-07-30,1047.0,1047.0,1047.0,1047.0,0.0,1047.0,SSNLF
2015-07-31,1047.0,1047.0,1047.0,1047.0,0.0,1047.0,SSNLF
2015-08-03,1047.0,1047.0,1047.0,1047.0,0.0,1047.0,SSNLF
2015-08-04,1047.0,1047.0,1047.0,1047.0,0.0,1047.0,SSNLF
2015-08-05,1047.0,1047.0,1047.0,1047.0,0.0,1047.0,SSNLF
2015-08-06,1047.0,1047.0,1047.0,1047.0,0.0,1047.0,SSNLF
2015-08-07,1047.0,1047.0,1047.0,1047.0,0.0,1047.0,SSNLF
2015-08-10,969.4000244140625,969.4000244140625,969.4000244140625,969.4000244140625,1.0,969.4000244140625,SSNLF
2015-08-11,969.4000244140625,969.4000244140625,969.4000244140625,969.4000244140625,0.0,969.4000244140625,SSNLF
2015-08-12,969.4000244140625,969.4000244140625,969.4000244140625,969.4000244140625,0.0,969.4000244140625,SSNLF
2015-08-13,969.4000244140625,969.4000244140625,969.4000244140625,969.4000244140625,0.0,969.4000244140625,SSNLF
2015-08-14,969.4000244140625,969.4000244140625,969.4000244140625,969.4000244140625,0.0,969.4000244140625,SSNLF
2015-08-17,969.4000244140625,969.4000244140625,969.4000244140625,969.4000244140625,0.0,969.4000244140625,SSNLF
2015-08-18,969.4000244140625,969.4000244140625,969.4000244140625,969.4000244140625,0.0,969.4000244140625,SSNLF
2015-08-19,969.4000244140625,969.4000244140625,969.4000244140625,969.4000244140625,0.0,969.4000244140625,SSNLF
2015-08-20,969.4000244140625,969.4000244140625,969.4000244140625,969.4000244140625,0.0,969.4000244140625,SSNLF
2015-08-21,969.4000244140625,969.4000244140625,969.4000244140625,969.4000244140625,0.0,969.4000244140625,SSNLF
2015-08-24,969.4000244140625,969.4000244140625,969.4000244140625,969.4000244140625,0.0,969.4000244140625,SSNLF
2015-08-25,969.4000244140625,969.4000244140625,969.4000244140625,969.4000244140625,0.0,969.4000244140625,SSNLF
2015-08-26,969.4000244140625,969.4000244140625,969.4000244140625,969.4000244140625,0.0,969.4000244140625,SSNLF
2015-08-27,850.0,850.0,850.0,850.0,1.0,850.0,SSNLF
2015-08-28,875.0,875.0,875.0,875.0,2.0,875.0,SSNLF
2015-08-31,875.0,875.0,875.0,875.0,0.0,875.0,SSNLF
2015-09-04,875.0,875.0,875.0,875.0,0.0,875.0,SSNLF
2015-09-08,875.0,875.0,875.0,875.0,0.0,875.0,SSNLF
2015-09-09,875.0,875.0,875.0,875.0,0.0,875.0,SSNLF
2015-09-10,875.0,875.0,875.0,875.0,0.0,875.0,SSNLF
2015-09-11,875.0,875.0,875.0,875.0,0.0,875.0,SSNLF
2015-09-14,875.0,875.0,875.0,875.0,0.0,875.0,SSNLF
2015-09-15,875.0,875.0,875.0,875.0,0.0,875.0,SSNLF
2015-09-16,875.0,875.0,875.0,875.0,0.0,875.0,SSNLF
2015-09-17,875.0,875.0,875.0,875.0,0.0,875.0,SSNLF
2015-09-18,875.0,875.0,875.0,875.0,0.0,875.0,SSNLF
2015-09-21,875.0,875.0,875.0,875.0,0.0,875.0,SSNLF
2015-09-22,875.0,875.0,875.0,875.0,0.0,875.0,SSNLF
2015-09-23,900.0,900.0,900.0,900.0,1.0,900.0,SSNLF
2015-09-24,900.0,900.0,900.0,900.0,0.0,900.0,SSNLF
2015-09-25,900.0,900.0,900.0,900.0,0.0,900.0,SSNLF
2015-09-28,900.0,900.0,900.0,900.0,0.0,900.0,SSNLF
2015-09-29,900.0,900.0,900.0,900.0,0.0,900.0,SSNLF
2015-09-30,900.0,900.0,900.0,900.0,0.0,900.0,SSNLF
2015-10-26,1050.0,1050.0,1050.0,1050.0,0.0,1050.0,SSNLF
2015-10-27,1050.0,1050.0,1050.0,1050.0,0.0,1050.0,SSNLF
2015-10-28,1050.0,1050.0,1050.0,1050.0,0.0,1050.0,SSNLF
2015-10-29,1050.0,1050.0,1050.0,1050.0,0.0,1050.0,SSNLF
2015-11-02,1050.0,1050.0,1050.0,1050.0,0.0,1050.0,SSNLF
2015-11-04,1050.0,1050.0,1050.0,1050.0,0.0,1050.0,SSNLF
2015-12-11,1100.0,1100.0,1100.0,1100.0,0.0,1100.0,SSNLF
2015-12-14,1100.0,1100.0,1100.0,1100.0,0.0,1100.0,SSNLF
2015-12-18,1100.0,1100.0,1100.0,1100.0,0.0,1100.0,SSNLF
2015-12-21,1100.0,1100.0,1100.0,1100.0,0.0,1100.0,SSNLF
2015-12-22,1100.0,1100.0,1100.0,1100.0,0.0,1100.0,SSNLF
2015-12-23,1100.0,1100.0,1100.0,1100.0,0.0,1100.0,SSNLF
2015-12-24,1100.0,1100.0,1100.0,1100.0,0.0,1100.0,SSNLF
2015-12-28,1025.0,1025.0,1025.0,1025.0,1.0,1025.0,SSNLF
2015-12-29,1025.0,1025.0,1025.0,1025.0,0.0,1025.0,SSNLF
2015-12-30,1025.0,1025.0,1025.0,1025.0,0.0,1025.0,SSNLF
2015-12-31,1025.0,1025.0,1025.0,1025.0,0.0,1025.0,SSNLF
2016-01-04,1025.0,1025.0,1025.0,1025.0,0.0,1025.0,SSNLF
2016-01-05,1025.0,1025.0,1025.0,1025.0,0.0,1025.0,SSNLF
2016-01-06,1025.0,1025.0,1025.0,1025.0,0.0,1025.0,SSNLF
2016-01-07,1025.0,1025.0,1025.0,1025.0,0.0,1025.0,SSNLF
2016-01-08,1025.0,1025.0,1025.0,1025.0,0.0,1025.0,SSNLF
2016-01-11,1025.0,1025.0,1025.0,1025.0,0.0,1025.0,SSNLF
2016-01-12,1025.0,1025.0,1025.0,1025.0,0.0,1025.0,SSNLF
2016-01-13,1025.0,1025.0,1025.0,1025.0,0.0,1025.0,SSNLF
2016-01-14,1025.0,1025.0,1025.0,1025.0,0.0,1025.0,SSNLF
2016-01-15,1025.0,1025.0,1025.0,1025.0,0.0,1025.0,SSNLF
2016-01-19,1025.0,1025.0,1025.0,1025.0,0.0,1025.0,SSNLF
2016-01-20,1025.0,1025.0,1025.0,1025.0,0.0,1025.0,SSNLF
2016-01-21,1025.0,1025.0,1025.0,1025.0,0.0,1025.0,SSNLF
2016-01-22,1025.0,1025.0,1025.0,1025.0,0.0,1025.0,SSNLF
2016-01-25,1025.0,1025.0,1025.0,1025.0,0.0,1025.0,SSNLF
2016-01-26,1025.0,1025.0,1025.0,1025.0,0.0,1025.0,SSNLF
2016-01-28,1025.0,1025.0,1025.0,1025.0,0.0,1025.0,SSNLF
2016-01-29,1025.0,1025.0,1025.0,1025.0,0.0,1025.0,SSNLF
2016-02-01,1025.0,1025.0,1025.0,1025.0,0.0,1025.0,SSNLF
2016-02-02,1025.0,1025.0,1025.0,1025.0,0.0,1025.0,SSNLF
2016-02-03,1025.0,1025.0,1025.0,1025.0,0.0,1025.0,SSNLF
2016-02-04,1025.0,1025.0,1025.0,1025.0,0.0,1025.0,SSNLF
2016-02-08,1025.0,1025.0,1025.0,1025.0,0.0,1025.0,SSNLF
2016-02-09,1025.0,1025.0,1025.0,1025.0,0.0,1025.0,SSNLF
2016-02-10,1025.0,1025.0,1025.0,1025.0,0.0,1025.0,SSNLF
2016-02-11,1025.0,1025.0,1025.0,1025.0,0.0,1025.0,SSNLF
2016-02-12,1025.0,1025.0,1025.0,1025.0,0.0,1025.0,SSNLF
2016-02-16,1025.0,1025.0,1025.0,1025.0,0.0,1025.0,SSNLF
2016-02-17,1025.0,1025.0,1025.0,1025.0,0.0,1025.0,SSNLF
2016-02-18,1000.0,1000.0,1000.0,1000.0,1.0,1000.0,SSNLF
2016-02-19,1000.0,1000.0,1000.0,1000.0,0.0,1000.0,SSNLF
2016-02-22,1000.0,1000.0,1000.0,1000.0,0.0,1000.0,SSNLF
2016-02-23,1000.0,1000.0,1000.0,1000.0,0.0,1000.0,SSNLF
2016-02-24,1000.0,1000.0,1000.0,1000.0,0.0,1000.0,SSNLF
2016-02-25,1000.0,1000.0,1000.0,1000.0,0.0,1000.0,SSNLF
2016-02-26,1000.0,1000.0,1000.0,1000.0,0.0,1000.0,SSNLF
2016-02-29,1000.0,1000.0,1000.0,1000.0,0.0,1000.0,SSNLF
2016-03-01,1000.0,1000.0,1000.0,1000.0,0.0,1000.0,SSNLF
2016-03-02,1000.0,1000.0,1000.0,1000.0,0.0,1000.0,SSNLF
2016-03-03,1000.0,1000.0,1000.0,1000.0,0.0,1000.0,SSNLF
2016-03-04,1000.0,1000.0,1000.0,1000.0,0.0,1000.0,SSNLF
2016-03-07,1000.0,1000.0,1000.0,1000.0,0.0,1000.0,SSNLF
2016-03-08,1000.0,1000.0,1000.0,1000.0,0.0,1000.0,SSNLF
2016-03-09,1000.0,1000.0,1000.0,1000.0,0.0,1000.0,SSNLF
2016-03-10,1000.0,1000.0,1000.0,1000.0,0.0,1000.0,SSNLF
2016-03-11,1000.0,1000.0,1000.0,1000.0,0.0,1000.0,SSNLF
2016-03-14,1000.0,1000.0,1000.0,1000.0,0.0,1000.0,SSNLF
2016-03-15,1000.0,1000.0,1000.0,1000.0,0.0,1000.0,SSNLF
2016-03-16,1000.0,1000.0,1000.0,1000.0,0.0,1000.0,SSNLF
2016-03-17,1000.0,1000.0,1000.0,1000.0,0.0,1000.0,SSNLF
2016-03-18,1000.0,1000.0,1000.0,1000.0,0.0,1000.0,SSNLF
2016-03-21,1000.0,1000.0,1000.0,1000.0,0.0,1000.0,SSNLF
2016-03-22,1000.0,1000.0,1000.0,1000.0,0.0,1000.0,SSNLF
2016-03-23,1000.0,1000.0,1000.0,1000.0,0.0,1000.0,SSNLF
2016-03-24,1000.0,1000.0,1000.0,1000.0,0.0,1000.0,SSNLF
2016-03-28,1000.0,1000.0,1000.0,1000.0,0.0,1000.0,SSNLF
2016-03-29,1000.0,1000.0,1000.0,1000.0,0.0,1000.0,SSNLF
2016-03-30,1000.0,1000.0,1000.0,1000.0,0.0,1000.0,SSNLF
2016-03-31,1000.0,1000.0,1000.0,1000.0,0.0,1000.0,SSNLF
2016-04-01,1000.0,1000.0,1000.0,1000.0,0.0,1000.0,SSNLF
2016-04-04,1000.0,1000.0,1000.0,1000.0,0.0,1000.0,SSNLF
2016-04-05,1000.0,1000.0,1000.0,1000.0,0.0,1000.0,SSNLF
2016-04-06,1000.0,1000.0,1000.0,1000.0,0.0,1000.0,SSNLF
2016-04-07,1000.0,1000.0,1000.0,1000.0,0.0,1000.0,SSNLF
2016-04-08,1000.0,1000.0,1000.0,1000.0,0.0,1000.0,SSNLF
2016-04-11,1000.0,1000.0,1000.0,1000.0,0.0,1000.0,SSNLF
2016-04-12,1050.0,1050.0,1050.0,1050.0,1.0,1050.0,SSNLF
2016-04-13,1050.0,1050.0,1050.0,1050.0,0.0,1050.0,SSNLF
2016-04-14,1050.0,1050.0,1050.0,1050.0,0.0,1050.0,SSNLF
2016-04-15,1050.0,1050.0,1050.0,1050.0,0.0,1050.0,SSNLF
2016-04-18,1050.0,1050.0,1050.0,1050.0,0.0,1050.0,SSNLF
2016-04-19,1050.0,1050.0,1050.0,1050.0,0.0,1050.0,SSNLF
2016-04-20,1050.0,1050.0,1050.0,1050.0,0.0,1050.0,SSNLF
2016-04-21,1050.0,1050.0,1050.0,1050.0,0.0,1050.0,SSNLF
2016-04-22,1050.0,1050.0,1050.0,1050.0,0.0,1050.0,SSNLF
2016-04-25,1050.0,1050.0,1050.0,1050.0,0.0,1050.0,SSNLF
2016-04-26,1050.0,1050.0,1050.0,1050.0,0.0,1050.0,SSNLF
2016-04-27,1050.0,1050.0,1050.0,1050.0,0.0,1050.0,SSNLF
2016-04-28,1050.0,1050.0,1050.0,1050.0,0.0,1050.0,SSNLF
2016-04-29,1050.0,1050.0,1050.0,1050.0,0.0,1050.0,SSNLF
2016-05-02,1050.0,1050.0,1050.0,1050.0,0.0,1050.0,SSNLF
2016-05-03,1050.0,1050.0,1050.0,1050.0,0.0,1050.0,SSNLF
2016-05-04,1050.0,1050.0,1050.0,1050.0,0.0,1050.0,SSNLF
2016-05-05,1050.0,1050.0,1050.0,1050.0,0.0,1050.0,SSNLF
2016-05-06,1050.0,1050.0,1050.0,1050.0,0.0,1050.0,SSNLF
2016-05-09,1050.0,1050.0,1050.0,1050.0,0.0,1050.0,SSNLF
2016-05-10,1050.0,1050.0,1050.0,1050.0,0.0,1050.0,SSNLF
2016-05-11,1050.0,1050.0,1050.0,1050.0,0.0,1050.0,SSNLF
2016-05-12,1050.0,1050.0,1050.0,1050.0,0.0,1050.0,SSNLF
2016-05-13,1050.0,1050.0,1050.0,1050.0,0.0,1050.0,SSNLF
2016-05-16,1050.0,1050.0,1050.0,1050.0,0.0,1050.0,SSNLF
2016-05-17,1050.0,1050.0,1050.0,1050.0,0.0,1050.0,SSNLF
2016-05-18,1050.0,1050.0,1050.0,1050.0,0.0,1050.0,SSNLF
2016-05-19,1050.0,1050.0,1050.0,1050.0,0.0,1050.0,SSNLF
2016-05-20,1050.0,1050.0,1050.0,1050.0,0.0,1050.0,SSNLF
2016-05-23,1050.0,1050.0,1050.0,1050.0,0.0,1050.0,SSNLF
2016-05-24,1050.0,1050.0,1050.0,1050.0,0.0,1050.0,SSNLF
2016-05-25,1050.0,1050.0,1050.0,1050.0,0.0,1050.0,SSNLF
2016-05-26,1050.0,1050.0,1050.0,1050.0,0.0,1050.0,SSNLF
2016-05-27,1050.0,1050.0,1050.0,1050.0,0.0,1050.0,SSNLF
2016-05-31,1050.0,1050.0,1050.0,1050.0,0.0,1050.0,SSNLF
2016-06-01,1050.0,1050.0,1050.0,1050.0,0.0,1050.0,SSNLF
2016-06-02,1050.0,1050.0,1050.0,1050.0,0.0,1050.0,SSNLF
2016-06-03,1050.0,1050.0,1050.0,1050.0,0.0,1050.0,SSNLF
2016-06-06,1050.0,1050.0,1050.0,1050.0,0.0,1050.0,SSNLF
2016-06-07,1050.0,1050.0,1050.0,1050.0,0.0,1050.0,SSNLF
2016-06-08,1050.0,1050.0,1050.0,1050.0,0.0,1050.0,SSNLF
2016-06-09,1050.0,1050.0,1050.0,1050.0,0.0,1050.0,SSNLF
2016-06-10,1050.0,1050.0,1050.0,1050.0,0.0,1050.0,SSNLF
2016-06-13,1120.0,1120.0,1120.0,1120.0,1.0,1120.0,SSNLF
2016-06-14,1120.0,1120.0,1120.0,1120.0,0.0,1120.0,SSNLF
2016-06-15,1120.0,1120.0,1120.0,1120.0,0.0,1120.0,SSNLF
2016-06-16,1120.0,1120.0,1120.0,1120.0,0.0,1120.0,SSNLF
2016-06-17,1120.0,1120.0,1120.0,1120.0,0.0,1120.0,SSNLF
2016-06-20,1120.0,1120.0,1120.0,1120.0,0.0,1120.0,SSNLF
2016-06-21,1220.0,1220.0,1220.0,1220.0,1.0,1220.0,SSNLF
2016-06-22,1220.0,1220.0,1220.0,1220.0,0.0,1220.0,SSNLF
2016-06-23,1220.0,1220.0,1220.0,1220.0,0.0,1220.0,SSNLF
2016-06-24,1220.0,1220.0,1220.0,1220.0,0.0,1220.0,SSNLF
2016-06-27,1220.0,1220.0,1220.0,1220.0,0.0,1220.0,SSNLF
2016-06-29,1220.0,1220.0,1220.0,1220.0,0.0,1220.0,SSNLF
2016-06-30,1220.0,1220.0,1220.0,1220.0,0.0,1220.0,SSNLF
2016-07-01,1220.0,1220.0,1220.0,1220.0,0.0,1220.0,SSNLF
2016-07-05,1220.0,1220.0,1220.0,1220.0,0.0,1220.0,SSNLF
2016-07-06,1220.0,1220.0,1220.0,1220.0,0.0,1220.0,SSNLF
2016-07-07,1220.0,1220.0,1220.0,1220.0,0.0,1220.0,SSNLF
2016-07-08,1220.0,1220.0,1220.0,1220.0,0.0,1220.0,SSNLF
2016-07-11,1220.0,1220.0,1220.0,1220.0,0.0,1220.0,SSNLF
2016-07-12,1220.0,1220.0,1220.0,1220.0,0.0,1220.0,SSNLF
2016-07-13,1220.0,1220.0,1220.0,1220.0,0.0,1220.0,SSNLF
2016-07-14,1220.0,1220.0,1220.0,1220.0,0.0,1220.0,SSNLF
2016-07-15,1220.0,1220.0,1220.0,1220.0,0.0,1220.0,SSNLF
2016-07-18,1220.0,1220.0,1220.0,1220.0,0.0,1220.0,SSNLF
2016-07-19,1220.0,1220.0,1220.0,1220.0,0.0,1220.0,SSNLF
2016-07-20,1220.0,1220.0,1220.0,1220.0,0.0,1220.0,SSNLF
2016-07-21,1220.0,1220.0,1220.0,1220.0,0.0,1220.0,SSNLF
2016-07-22,1220.0,1220.0,1220.0,1220.0,0.0,1220.0,SSNLF
2016-07-25,1220.0,1220.0,1220.0,1220.0,0.0,1220.0,SSNLF
2016-07-26,1220.0,1220.0,1220.0,1220.0,0.0,1220.0,SSNLF
2016-07-27,1220.0,1220.0,1220.0,1220.0,0.0,1220.0,SSNLF
2016-07-28,1220.0,1220.0,1220.0,1220.0,0.0,1220.0,SSNLF
2016-07-29,1220.0,1220.0,1220.0,1220.0,0.0,1220.0,SSNLF
2016-08-01,1220.0,1220.0,1220.0,1220.0,0.0,1220.0,SSNLF
2016-08-02,1220.0,1220.0,1220.0,1220.0,0.0,1220.0,SSNLF
2016-08-03,1220.0,1220.0,1220.0,1220.0,0.0,1220.0,SSNLF
2016-08-04,1220.0,1220.0,1220.0,1220.0,0.0,1220.0,SSNLF
2016-08-08,1220.0,1220.0,1220.0,1220.0,0.0,1220.0,SSNLF
2016-08-09,1220.0,1220.0,1220.0,1220.0,0.0,1220.0,SSNLF
2016-08-10,1220.0,1220.0,1220.0,1220.0,0.0,1220.0,SSNLF
2016-08-11,1220.0,1220.0,1220.0,1220.0,0.0,1220.0,SSNLF
2016-08-15,1220.0,1220.0,1220.0,1220.0,0.0,1220.0,SSNLF
2016-08-16,1220.0,1220.0,1220.0,1220.0,0.0,1220.0,SSNLF
2016-08-17,1220.0,1220.0,1220.0,1220.0,0.0,1220.0,SSNLF
2016-08-18,1220.0,1220.0,1220.0,1220.0,0.0,1220.0,SSNLF
2016-08-19,1220.0,1220.0,1220.0,1220.0,0.0,1220.0,SSNLF
2016-08-22,1220.0,1220.0,1220.0,1220.0,0.0,1220.0,SSNLF
2016-08-23,1220.0,1220.0,1220.0,1220.0,0.0,1220.0,SSNLF
2016-08-24,1220.0,1220.0,1220.0,1220.0,0.0,1220.0,SSNLF
2016-08-25,1220.0,1220.0,1220.0,1220.0,0.0,1220.0,SSNLF
2016-08-26,1220.0,1220.0,1220.0,1220.0,0.0,1220.0,SSNLF
2016-08-29,1220.0,1220.0,1220.0,1220.0,0.0,1220.0,SSNLF
2016-08-30,1250.0,1250.0,1250.0,1250.0,1.0,1250.0,SSNLF
2016-08-31,1250.0,1250.0,1250.0,1250.0,0.0,1250.0,SSNLF
2016-09-01,1250.0,1250.0,1250.0,1250.0,0.0,1250.0,SSNLF
2016-09-02,1250.0,1250.0,1250.0,1250.0,0.0,1250.0,SSNLF
2016-09-06,1250.0,1250.0,1250.0,1250.0,0.0,1250.0,SSNLF
2016-09-07,1250.0,1250.0,1250.0,1250.0,0.0,1250.0,SSNLF
2016-09-08,1250.0,1250.0,1250.0,1250.0,0.0,1250.0,SSNLF
2016-09-09,1250.0,1250.0,1250.0,1250.0,0.0,1250.0,SSNLF
2016-09-12,1250.0,1250.0,1250.0,1250.0,0.0,1250.0,SSNLF
2016-09-13,1250.0,1250.0,1250.0,1250.0,0.0,1250.0,SSNLF
2016-09-14,1250.0,1250.0,1250.0,1250.0,0.0,1250.0,SSNLF
2016-09-15,1250.0,1250.0,1250.0,1250.0,0.0,1250.0,SSNLF
2016-09-16,1250.0,1250.0,1250.0,1250.0,0.0,1250.0,SSNLF
2016-09-19,1250.0,1250.0,1250.0,1250.0,0.0,1250.0,SSNLF
2016-09-20,1250.0,1250.0,1250.0,1250.0,0.0,1250.0,SSNLF
2016-09-21,1250.0,1250.0,1250.0,1250.0,0.0,1250.0,SSNLF
2016-09-22,1250.0,1250.0,1250.0,1250.0,0.0,1250.0,SSNLF
2016-09-23,1550.0,1490.0,1550.0,1550.0,1.0,1550.0,SSNLF
2016-09-26,1550.0,1550.0,1550.0,1550.0,0.0,1550.0,SSNLF
2016-09-27,1550.0,1550.0,1550.0,1550.0,0.0,1550.0,SSNLF
2016-09-28,1550.0,1550.0,1550.0,1550.0,0.0,1550.0,SSNLF
2016-09-29,1550.0,1550.0,1550.0,1550.0,0.0,1550.0,SSNLF
2016-09-30,1550.0,1550.0,1550.0,1550.0,0.0,1550.0,SSNLF
2016-10-03,1550.0,1550.0,1550.0,1550.0,0.0,1550.0,SSNLF
2016-10-04,1550.0,1550.0,1550.0,1550.0,0.0,1550.0,SSNLF
2016-10-05,1600.0,1600.0,1600.0,1600.0,1.0,1600.0,SSNLF
2016-10-06,1600.0,1600.0,1600.0,1600.0,0.0,1600.0,SSNLF
2016-10-07,1350.0,1350.0,1350.0,1350.0,1.0,1350.0,SSNLF
2016-10-10,1350.0,1350.0,1350.0,1350.0,1.0,1350.0,SSNLF
2016-10-11,1350.0,1350.0,1350.0,1350.0,0.0,1350.0,SSNLF
2016-10-12,1350.0,1350.0,1350.0,1350.0,0.0,1350.0,SSNLF
2016-10-13,1425.0,1425.0,1425.0,1425.0,1.0,1425.0,SSNLF
2016-10-14,1425.0,1425.0,1425.0,1425.0,0.0,1425.0,SSNLF
2016-10-17,1425.0,1425.0,1425.0,1425.0,0.0,1425.0,SSNLF
2016-10-18,1425.0,1425.0,1425.0,1425.0,0.0,1425.0,SSNLF
2016-10-19,1450.0,1250.0,1250.0,1250.0,1.0,1250.0,SSNLF
2016-10-20,1250.0,1250.0,1250.0,1250.0,0.0,1250.0,SSNLF
2016-10-21,1250.0,1250.0,1250.0,1250.0,0.0,1250.0,SSNLF
2016-10-24,1250.0,1250.0,1250.0,1250.0,0.0,1250.0,SSNLF
2016-10-25,1250.0,1250.0,1250.0,1250.0,0.0,1250.0,SSNLF
2016-10-26,1250.0,1250.0,1250.0,1250.0,0.0,1250.0,SSNLF
2016-10-27,1250.0,1250.0,1250.0,1250.0,0.0,1250.0,SSNLF
2016-10-28,1250.0,1250.0,1250.0,1250.0,0.0,1250.0,SSNLF
2016-10-31,1250.0,1250.0,1250.0,1250.0,0.0,1250.0,SSNLF
2016-11-01,1250.0,1250.0,1250.0,1250.0,0.0,1250.0,SSNLF
2016-11-02,1250.0,1250.0,1250.0,1250.0,0.0,1250.0,SSNLF
2016-11-03,1250.0,1250.0,1250.0,1250.0,0.0,1250.0,SSNLF
2016-11-04,1250.0,1250.0,1250.0,1250.0,0.0,1250.0,SSNLF
2016-11-07,1250.0,1250.0,1250.0,1250.0,0.0,1250.0,SSNLF
2016-11-08,1250.0,1250.0,1250.0,1250.0,0.0,1250.0,SSNLF
2016-11-09,1250.0,1250.0,1250.0,1250.0,0.0,1250.0,SSNLF
2016-11-10,1250.0,1250.0,1250.0,1250.0,0.0,1250.0,SSNLF
2016-11-11,1250.0,1250.0,1250.0,1250.0,0.0,1250.0,SSNLF
2016-11-14,1250.0,1250.0,1250.0,1250.0,0.0,1250.0,SSNLF
2016-11-15,1250.0,1250.0,1250.0,1250.0,0.0,1250.0,SSNLF
2016-11-16,1250.0,1250.0,1250.0,1250.0,0.0,1250.0,SSNLF
2016-11-17,1250.0,1250.0,1250.0,1250.0,0.0,1250.0,SSNLF
2016-11-18,1250.0,1250.0,1250.0,1250.0,0.0,1250.0,SSNLF
2016-11-21,1250.0,1250.0,1250.0,1250.0,0.0,1250.0,SSNLF
2016-11-22,1250.0,1250.0,1250.0,1250.0,0.0,1250.0,SSNLF
2016-11-23,1250.0,1250.0,1250.0,1250.0,0.0,1250.0,SSNLF
2016-11-25,1250.0,1250.0,1250.0,1250.0,0.0,1250.0,SSNLF
2016-11-28,1250.0,1250.0,1250.0,1250.0,0.0,1250.0,SSNLF
2016-11-29,1250.0,1250.0,1250.0,1250.0,0.0,1250.0,SSNLF
2016-11-30,1250.0,1250.0,1250.0,1250.0,0.0,1250.0,SSNLF
2016-12-01,1250.0,1250.0,1250.0,1250.0,0.0,1250.0,SSNLF
2016-12-02,1250.0,1250.0,1250.0,1250.0,0.0,1250.0,SSNLF
2016-12-05,1250.0,1250.0,1250.0,1250.0,0.0,1250.0,SSNLF
2016-12-06,1250.0,1250.0,1250.0,1250.0,0.0,1250.0,SSNLF
2016-12-07,1250.0,1250.0,1250.0,1250.0,0.0,1250.0,SSNLF
2016-12-08,1250.0,1250.0,1250.0,1250.0,0.0,1250.0,SSNLF
2016-12-09,1250.0,1250.0,1250.0,1250.0,0.0,1250.0,SSNLF
2016-12-12,1250.0,1250.0,1250.0,1250.0,0.0,1250.0,SSNLF
2016-12-13,1250.0,1250.0,1250.0,1250.0,0.0,1250.0,SSNLF
2016-12-14,1250.0,1250.0,1250.0,1250.0,0.0,1250.0,SSNLF
2016-12-15,1250.0,1250.0,1250.0,1250.0,0.0,1250.0,SSNLF
2016-12-16,1250.0,1250.0,1250.0,1250.0,0.0,1250.0,SSNLF
2016-12-19,1250.0,1250.0,1250.0,1250.0,0.0,1250.0,SSNLF
2016-12-20,1250.0,1250.0,1250.0,1250.0,0.0,1250.0,SSNLF
2016-12-21,1250.0,1250.0,1250.0,1250.0,0.0,1250.0,SSNLF
2016-12-22,1250.0,1250.0,1250.0,1250.0,0.0,1250.0,SSNLF
2016-12-23,1250.0,1250.0,1250.0,1250.0,0.0,1250.0,SSNLF
2016-12-27,1250.0,1250.0,1250.0,1250.0,0.0,1250.0,SSNLF
2016-12-28,1250.0,1250.0,1250.0,1250.0,0.0,1250.0,SSNLF
2016-12-29,1250.0,1250.0,1250.0,1250.0,0.0,1250.0,SSNLF
2016-12-30,1250.0,1250.0,1250.0,1250.0,0.0,1250.0,SSNLF
2017-01-03,1250.0,1250.0,1250.0,1250.0,0.0,1250.0,SSNLF
2017-01-04,1250.0,1250.0,1250.0,1250.0,0.0,1250.0,SSNLF
2017-01-05,1250.0,1250.0,1250.0,1250.0,0.0,1250.0,SSNLF
2017-01-06,1250.0,1250.0,1250.0,1250.0,0.0,1250.0,SSNLF
2017-01-09,1250.0,1250.0,1250.0,1250.0,0.0,1250.0,SSNLF
2017-01-10,1250.0,1250.0,1250.0,1250.0,0.0,1250.0,SSNLF
2017-01-11,1250.0,1250.0,1250.0,1250.0,0.0,1250.0,SSNLF
2017-01-12,1250.0,1250.0,1250.0,1250.0,0.0,1250.0,SSNLF
2017-01-13,1250.0,1250.0,1250.0,1250.0,0.0,1250.0,SSNLF
2017-01-17,1250.0,1250.0,1250.0,1250.0,0.0,1250.0,SSNLF
2017-01-18,1250.0,1250.0,1250.0,1250.0,0.0,1250.0,SSNLF
2017-01-19,1250.0,1250.0,1250.0,1250.0,0.0,1250.0,SSNLF
2017-01-20,1250.0,1250.0,1250.0,1250.0,0.0,1250.0,SSNLF
2017-01-23,1250.0,1250.0,1250.0,1250.0,0.0,1250.0,SSNLF
2017-01-24,1400.0,1400.0,1400.0,1400.0,1.0,1400.0,SSNLF
2017-01-25,1400.0,1400.0,1400.0,1400.0,0.0,1400.0,SSNLF
2017-01-26,1400.0,1400.0,1400.0,1400.0,0.0,1400.0,SSNLF
2017-01-27,1500.0,1500.0,1500.0,1500.0,1.0,1500.0,SSNLF
2017-01-30,1500.0,1500.0,1500.0,1500.0,0.0,1500.0,SSNLF
2017-01-31,1500.0,1500.0,1500.0,1500.0,0.0,1500.0,SSNLF
2017-02-01,1500.0,1500.0,1500.0,1500.0,0.0,1500.0,SSNLF
2017-02-02,1500.0,1500.0,1500.0,1500.0,0.0,1500.0,SSNLF
2017-02-03,1500.0,1500.0,1500.0,1500.0,0.0,1500.0,SSNLF
2017-02-06,1500.0,1500.0,1500.0,1500.0,0.0,1500.0,SSNLF
2017-02-07,1500.0,1500.0,1500.0,1500.0,0.0,1500.0,SSNLF
2017-02-08,1500.0,1500.0,1500.0,1500.0,0.0,1500.0,SSNLF
2017-02-09,1500.0,1500.0,1500.0,1500.0,0.0,1500.0,SSNLF
2017-02-10,1500.0,1500.0,1500.0,1500.0,0.0,1500.0,SSNLF
2017-02-13,1500.0,1500.0,1500.0,1500.0,0.0,1500.0,SSNLF
2017-02-14,1500.0,1500.0,1500.0,1500.0,0.0,1500.0,SSNLF
2017-02-15,1500.0,1500.0,1500.0,1500.0,0.0,1500.0,SSNLF
2017-02-16,1500.0,1500.0,1500.0,1500.0,0.0,1500.0,SSNLF
2017-02-17,1500.0,1500.0,1500.0,1500.0,0.0,1500.0,SSNLF
2017-02-21,1500.0,1500.0,1500.0,1500.0,0.0,1500.0,SSNLF
2017-02-22,1500.0,1500.0,1500.0,1500.0,0.0,1500.0,SSNLF
2017-02-23,1500.0,1500.0,1500.0,1500.0,0.0,1500.0,SSNLF
2017-02-24,1500.0,1500.0,1500.0,1500.0,0.0,1500.0,SSNLF
2017-02-27,1500.0,1500.0,1500.0,1500.0,0.0,1500.0,SSNLF
2017-02-28,1500.0,1500.0,1500.0,1500.0,0.0,1500.0,SSNLF
2017-03-01,1500.0,1500.0,1500.0,1500.0,0.0,1500.0,SSNLF
2017-03-02,1500.0,1500.0,1500.0,1500.0,0.0,1500.0,SSNLF
2017-03-03,1500.0,1500.0,1500.0,1500.0,0.0,1500.0,SSNLF
2017-03-06,1500.0,1500.0,1500.0,1500.0,0.0,1500.0,SSNLF
2017-03-07,1500.0,1500.0,1500.0,1500.0,0.0,1500.0,SSNLF
2017-03-08,1500.0,1500.0,1500.0,1500.0,0.0,1500.0,SSNLF
2017-03-09,1500.0,1500.0,1500.0,1500.0,0.0,1500.0,SSNLF
2017-03-10,1500.0,1500.0,1500.0,1500.0,0.0,1500.0,SSNLF
2017-03-13,1500.0,1500.0,1500.0,1500.0,0.0,1500.0,SSNLF
2017-03-14,1500.0,1500.0,1500.0,1500.0,0.0,1500.0,SSNLF
2017-03-15,1500.0,1500.0,1500.0,1500.0,0.0,1500.0,SSNLF
2017-03-16,1500.0,1500.0,1500.0,1500.0,0.0,1500.0,SSNLF
2017-03-17,1500.0,1500.0,1500.0,1500.0,0.0,1500.0,SSNLF
2017-03-20,1500.0,1500.0,1500.0,1500.0,0.0,1500.0,SSNLF
2017-03-21,1500.0,1500.0,1500.0,1500.0,0.0,1500.0,SSNLF
2017-03-22,1500.0,1500.0,1500.0,1500.0,0.0,1500.0,SSNLF
2017-03-23,1500.0,1500.0,1500.0,1500.0,0.0,1500.0,SSNLF
2017-03-24,1500.0,1500.0,1500.0,1500.0,0.0,1500.0,SSNLF
2017-03-27,1500.0,1500.0,1500.0,1500.0,0.0,1500.0,SSNLF
2017-03-28,1500.0,1500.0,1500.0,1500.0,0.0,1500.0,SSNLF
2017-03-29,1500.0,1500.0,1500.0,1500.0,0.0,1500.0,SSNLF
2017-03-30,1500.0,1500.0,1500.0,1500.0,0.0,1500.0,SSNLF
2017-03-31,1500.0,1500.0,1500.0,1500.0,0.0,1500.0,SSNLF
2017-04-03,1500.0,1500.0,1500.0,1500.0,0.0,1500.0,SSNLF
2017-04-04,1500.0,1500.0,1500.0,1500.0,0.0,1500.0,SSNLF
2017-04-05,1500.0,1500.0,1500.0,1500.0,0.0,1500.0,SSNLF
2017-04-06,1500.0,1500.0,1500.0,1500.0,0.0,1500.0,SSNLF
2017-04-07,1500.0,1500.0,1500.0,1500.0,0.0,1500.0,SSNLF
2017-04-10,1500.0,1500.0,1500.0,1500.0,0.0,1500.0,SSNLF
2017-04-11,1500.0,1500.0,1500.0,1500.0,0.0,1500.0,SSNLF
2017-04-12,1500.0,1500.0,1500.0,1500.0,0.0,1500.0,SSNLF
2017-04-13,1500.0,1500.0,1500.0,1500.0,0.0,1500.0,SSNLF
2017-04-17,1500.0,1500.0,1500.0,1500.0,0.0,1500.0,SSNLF
2017-04-18,1850.0,1850.0,1850.0,1850.0,1.0,1850.0,SSNLF
2017-04-19,1850.0,1850.0,1850.0,1850.0,0.0,1850.0,SSNLF
2017-04-20,1850.0,1850.0,1850.0,1850.0,0.0,1850.0,SSNLF
2017-04-21,1850.0,1850.0,1850.0,1850.0,0.0,1850.0,SSNLF
2017-04-24,1850.0,1850.0,1850.0,1850.0,0.0,1850.0,SSNLF
2017-04-25,1850.0,1850.0,1850.0,1850.0,0.0,1850.0,SSNLF
2017-04-26,1850.0,1850.0,1850.0,1850.0,0.0,1850.0,SSNLF
2017-04-27,1850.0,1850.0,1850.0,1850.0,0.0,1850.0,SSNLF
2017-04-28,1970.0,1850.0,1850.0,1850.0,4.0,1850.0,SSNLF
2017-05-02,1850.0,1850.0,1850.0,1850.0,0.0,1850.0,SSNLF
2017-05-03,1850.0,1850.0,1850.0,1850.0,0.0,1850.0,SSNLF
2017-05-04,1850.0,1850.0,1850.0,1850.0,0.0,1850.0,SSNLF
2017-05-05,1850.0,1850.0,1850.0,1850.0,0.0,1850.0,SSNLF
2017-05-08,1850.0,1850.0,1850.0,1850.0,0.0,1850.0,SSNLF
2017-05-09,1850.0,1850.0,1850.0,1850.0,0.0,1850.0,SSNLF
2017-05-10,1850.0,1850.0,1850.0,1850.0,0.0,1850.0,SSNLF
2017-05-11,1850.0,1850.0,1850.0,1850.0,0.0,1850.0,SSNLF
2017-05-12,1850.0,1850.0,1850.0,1850.0,0.0,1850.0,SSNLF
2017-05-15,1850.0,1850.0,1850.0,1850.0,0.0,1850.0,SSNLF
2017-05-16,1850.0,1850.0,1850.0,1850.0,0.0,1850.0,SSNLF
2017-05-17,1850.0,1850.0,1850.0,1850.0,0.0,1850.0,SSNLF
2017-05-18,1850.0,1850.0,1850.0,1850.0,0.0,1850.0,SSNLF
2017-05-19,1850.0,1850.0,1850.0,1850.0,0.0,1850.0,SSNLF
2017-05-22,1850.0,1850.0,1850.0,1850.0,0.0,1850.0,SSNLF
2017-05-23,1850.0,1850.0,1850.0,1850.0,0.0,1850.0,SSNLF
2017-05-24,1850.0,1850.0,1850.0,1850.0,0.0,1850.0,SSNLF
2017-05-25,1850.0,1850.0,1850.0,1850.0,0.0,1850.0,SSNLF
2017-05-26,1850.0,1850.0,1850.0,1850.0,0.0,1850.0,SSNLF
2017-05-30,1850.0,1850.0,1850.0,1850.0,0.0,1850.0,SSNLF
2017-05-31,1850.0,1850.0,1850.0,1850.0,0.0,1850.0,SSNLF
2017-06-01,1850.0,1850.0,1850.0,1850.0,0.0,1850.0,SSNLF
2017-06-02,1850.0,1850.0,1850.0,1850.0,0.0,1850.0,SSNLF
2017-06-05,1850.0,1850.0,1850.0,1850.0,0.0,1850.0,SSNLF
2017-06-06,1850.0,1850.0,1850.0,1850.0,0.0,1850.0,SSNLF
2017-06-07,2000.0,2000.0,2000.0,2000.0,0.0,2000.0,SSNLF
2017-06-08,2000.0,2000.0,2000.0,2000.0,0.0,2000.0,SSNLF
2017-06-09,2000.0,2000.0,2000.0,2000.0,0.0,2000.0,SSNLF
2017-06-12,2000.0,2000.0,2000.0,2000.0,0.0,2000.0,SSNLF
2017-06-13,2000.0,2000.0,2000.0,2000.0,0.0,2000.0,SSNLF
2017-06-14,2000.0,2000.0,2000.0,2000.0,0.0,2000.0,SSNLF
2017-06-15,2000.0,2000.0,2000.0,2000.0,0.0,2000.0,SSNLF
2017-06-16,2000.0,2000.0,2000.0,2000.0,0.0,2000.0,SSNLF
2017-06-19,2000.0,2000.0,2000.0,2000.0,0.0,2000.0,SSNLF
2017-06-20,2000.0,2000.0,2000.0,2000.0,0.0,2000.0,SSNLF
2017-06-21,2000.0,2000.0,2000.0,2000.0,0.0,2000.0,SSNLF
2017-06-22,2000.0,2000.0,2000.0,2000.0,0.0,2000.0,SSNLF
2017-06-23,2000.0,2000.0,2000.0,2000.0,0.0,2000.0,SSNLF
2017-06-26,2000.0,2000.0,2000.0,2000.0,0.0,2000.0,SSNLF
2017-06-27,2000.0,2000.0,2000.0,2000.0,0.0,2000.0,SSNLF
2017-06-28,2000.0,2000.0,2000.0,2000.0,0.0,2000.0,SSNLF
2017-06-29,2000.0,2000.0,2000.0,2000.0,0.0,2000.0,SSNLF
2017-06-30,2000.0,2000.0,2000.0,2000.0,0.0,2000.0,SSNLF
2017-07-03,2000.0,2000.0,2000.0,2000.0,0.0,2000.0,SSNLF
2017-07-05,2000.0,2000.0,2000.0,2000.0,0.0,2000.0,SSNLF
2017-07-06,2000.0,2000.0,2000.0,2000.0,0.0,2000.0,SSNLF
2017-07-07,2080.0,2080.0,2080.0,2080.0,1.0,2080.0,SSNLF
2017-07-10,2080.0,2080.0,2080.0,2080.0,0.0,2080.0,SSNLF
2017-07-11,2080.0,2080.0,2080.0,2080.0,0.0,2080.0,SSNLF
2017-07-12,2080.0,2080.0,2080.0,2080.0,0.0,2080.0,SSNLF
2017-07-13,2080.0,2080.0,2080.0,2080.0,0.0,2080.0,SSNLF
2017-07-14,2080.0,2080.0,2080.0,2080.0,0.0,2080.0,SSNLF
2017-07-17,2080.0,2080.0,2080.0,2080.0,0.0,2080.0,SSNLF
2017-07-18,2080.0,2080.0,2080.0,2080.0,0.0,2080.0,SSNLF
2017-07-19,2080.0,2080.0,2080.0,2080.0,0.0,2080.0,SSNLF
2017-07-20,2320.0,2320.0,2320.0,2320.0,1.0,2320.0,SSNLF
2017-07-21,2081.0,2081.0,2081.0,2081.0,0.0,2081.0,SSNLF
2017-07-24,2081.0,2081.0,2081.0,2081.0,0.0,2081.0,SSNLF
2017-07-25,2081.0,2081.0,2081.0,2081.0,0.0,2081.0,SSNLF
2017-07-26,2081.0,2081.0,2081.0,2081.0,0.0,2081.0,SSNLF
2017-07-27,2081.0,2081.0,2081.0,2081.0,0.0,2081.0,SSNLF
2017-07-28,2081.0,2081.0,2081.0,2081.0,0.0,2081.0,SSNLF
2017-07-31,2081.0,2081.0,2081.0,2081.0,0.0,2081.0,SSNLF
2017-08-01,2081.0,2081.0,2081.0,2081.0,0.0,2081.0,SSNLF
2017-08-02,2081.0,2081.0,2081.0,2081.0,0.0,2081.0,SSNLF
2017-08-03,2081.0,2081.0,2081.0,2081.0,0.0,2081.0,SSNLF
2017-08-04,2081.0,2081.0,2081.0,2081.0,0.0,2081.0,SSNLF
2017-08-07,2081.0,2081.0,2081.0,2081.0,0.0,2081.0,SSNLF
2017-08-08,2081.0,2081.0,2081.0,2081.0,0.0,2081.0,SSNLF
2017-08-09,2081.0,2081.0,2081.0,2081.0,0.0,2081.0,SSNLF
2017-08-10,2081.0,2081.0,2081.0,2081.0,0.0,2081.0,SSNLF
2017-08-11,2081.0,2081.0,2081.0,2081.0,0.0,2081.0,SSNLF
2017-08-14,2081.0,2081.0,2081.0,2081.0,0.0,2081.0,SSNLF
2017-08-15,2081.0,2081.0,2081.0,2081.0,0.0,2081.0,SSNLF
2017-08-16,2100.0,2100.0,2100.0,2100.0,0.0,2100.0,SSNLF
2017-08-17,2100.0,2100.0,2100.0,2100.0,0.0,2100.0,SSNLF
2017-08-18,2100.0,2100.0,2100.0,2100.0,0.0,2100.0,SSNLF
2017-08-21,2100.0,2100.0,2100.0,2100.0,0.0,2100.0,SSNLF
2017-08-22,2030.0,2030.0,2030.0,2030.0,1.0,2030.0,SSNLF
2017-08-23,2020.0,2000.0,2020.0,2020.0,1.0,2020.0,SSNLF
2017-08-24,2000.0,1900.0,2000.0,2000.0,1.0,2000.0,SSNLF
2017-08-25,2000.0,2000.0,2000.0,2000.0,0.0,2000.0,SSNLF
2017-08-28,1950.0,1900.0,1950.0,1950.0,1.0,1950.0,SSNLF
2017-08-29,1950.0,1950.0,1950.0,1950.0,0.0,1950.0,SSNLF
2017-08-30,1950.0,1950.0,1950.0,1950.0,0.0,1950.0,SSNLF
2017-08-31,1950.0,1950.0,1950.0,1950.0,0.0,1950.0,SSNLF
2017-09-01,1975.0,1975.0,1975.0,1975.0,1.0,1975.0,SSNLF
2017-09-05,1975.0,1975.0,1975.0,1975.0,0.0,1975.0,SSNLF
2017-09-06,1975.0,1975.0,1975.0,1975.0,0.0,1975.0,SSNLF
2017-09-07,1975.0,1975.0,1975.0,1975.0,0.0,1975.0,SSNLF
2017-09-08,1975.0,1975.0,1975.0,1975.0,0.0,1975.0,SSNLF
2017-09-11,2100.0,2100.0,2100.0,2100.0,1.0,2100.0,SSNLF
2017-09-12,2100.0,2100.0,2100.0,2100.0,0.0,2100.0,SSNLF
2017-09-13,2100.0,2100.0,2100.0,2100.0,0.0,2100.0,SSNLF
2017-09-14,2100.0,2100.0,2100.0,2100.0,0.0,2100.0,SSNLF
2017-09-15,2100.0,2100.0,2100.0,2100.0,0.0,2100.0,SSNLF
2017-09-18,2100.0,2100.0,2100.0,2100.0,0.0,2100.0,SSNLF
2017-09-19,2100.0,2100.0,2100.0,2100.0,0.0,2100.0,SSNLF
2017-09-20,2100.0,2100.0,2100.0,2100.0,0.0,2100.0,SSNLF
2017-09-21,2100.0,2100.0,2100.0,2100.0,0.0,2100.0,SSNLF
2017-09-22,2100.0,2100.0,2100.0,2100.0,0.0,2100.0,SSNLF
2017-09-25,2100.0,2100.0,2100.0,2100.0,0.0,2100.0,SSNLF
2017-09-26,2100.0,2100.0,2100.0,2100.0,0.0,2100.0,SSNLF
2017-09-27,2150.0,2150.0,2150.0,2150.0,1.0,2150.0,SSNLF
2017-09-28,2150.0,2150.0,2150.0,2150.0,0.0,2150.0,SSNLF
2017-09-29,2150.0,2150.0,2150.0,2150.0,0.0,2150.0,SSNLF
2017-10-02,2150.0,2150.0,2150.0,2150.0,0.0,2150.0,SSNLF
2017-10-03,2150.0,2150.0,2150.0,2150.0,1.0,2150.0,SSNLF
2017-10-04,2150.0,2150.0,2150.0,2150.0,0.0,2150.0,SSNLF
2017-10-05,2150.0,2150.0,2150.0,2150.0,0.0,2150.0,SSNLF
2017-10-06,2150.0,2150.0,2150.0,2150.0,0.0,2150.0,SSNLF
2017-10-09,2150.0,2150.0,2150.0,2150.0,0.0,2150.0,SSNLF
2017-10-10,2150.0,2150.0,2150.0,2150.0,0.0,2150.0,SSNLF
2017-10-11,2150.0,2150.0,2150.0,2150.0,0.0,2150.0,SSNLF
2017-10-12,2150.0,2150.0,2150.0,2150.0,0.0,2150.0,SSNLF
2017-10-13,2150.0,2150.0,2150.0,2150.0,0.0,2150.0,SSNLF
2017-10-16,2150.0,2150.0,2150.0,2150.0,0.0,2150.0,SSNLF
2017-10-17,2150.0,2150.0,2150.0,2150.0,0.0,2150.0,SSNLF
2017-10-18,2150.0,2150.0,2150.0,2150.0,0.0,2150.0,SSNLF
2017-10-19,2150.0,2150.0,2150.0,2150.0,0.0,2150.0,SSNLF
2017-10-20,2150.0,2150.0,2150.0,2150.0,0.0,2150.0,SSNLF
2017-10-23,2150.0,2150.0,2150.0,2150.0,0.0,2150.0,SSNLF
2017-10-24,2150.0,2150.0,2150.0,2150.0,0.0,2150.0,SSNLF
2017-10-25,2150.0,2150.0,2150.0,2150.0,0.0,2150.0,SSNLF
2017-10-26,2150.0,2150.0,2150.0,2150.0,0.0,2150.0,SSNLF
2017-10-27,2150.0,2150.0,2150.0,2150.0,0.0,2150.0,SSNLF
2017-10-30,2150.0,2150.0,2150.0,2150.0,0.0,2150.0,SSNLF
2017-10-31,2150.0,2150.0,2150.0,2150.0,0.0,2150.0,SSNLF
2017-11-01,2150.0,2150.0,2150.0,2150.0,0.0,2150.0,SSNLF
2017-11-02,2150.0,2150.0,2150.0,2150.0,0.0,2150.0,SSNLF
2017-11-03,2450.0,2450.0,2450.0,2450.0,1.0,2450.0,SSNLF
2017-11-06,2400.0,2400.0,2400.0,2400.0,1.0,2400.0,SSNLF
2017-11-07,2400.0,2400.0,2400.0,2400.0,0.0,2400.0,SSNLF
2017-11-08,2400.0,2400.0,2400.0,2400.0,0.0,2400.0,SSNLF
2017-11-09,2400.0,2400.0,2400.0,2400.0,0.0,2400.0,SSNLF
2017-11-10,2400.0,2400.0,2400.0,2400.0,0.0,2400.0,SSNLF
2017-11-13,2400.0,2400.0,2400.0,2400.0,0.0,2400.0,SSNLF
2017-11-14,2400.0,2400.0,2400.0,2400.0,0.0,2400.0,SSNLF
2017-11-15,2400.0,2400.0,2400.0,2400.0,0.0,2400.0,SSNLF
2017-11-16,2400.0,2400.0,2400.0,2400.0,0.0,2400.0,SSNLF
2017-11-17,2400.0,2400.0,2400.0,2400.0,0.0,2400.0,SSNLF
2017-11-20,2400.0,2400.0,2400.0,2400.0,0.0,2400.0,SSNLF
2017-11-21,2400.0,2400.0,2400.0,2400.0,0.0,2400.0,SSNLF
2017-11-22,2400.0,2400.0,2400.0,2400.0,0.0,2400.0,SSNLF
2017-11-24,2400.0,2400.0,2400.0,2400.0,0.0,2400.0,SSNLF
2017-11-27,2400.0,2400.0,2400.0,2400.0,0.0,2400.0,SSNLF
2017-11-28,2400.0,2400.0,2400.0,2400.0,0.0,2400.0,SSNLF
2017-11-29,2400.0,2400.0,2400.0,2400.0,0.0,2400.0,SSNLF
2017-11-30,2400.0,2400.0,2400.0,2400.0,0.0,2400.0,SSNLF
2017-12-01,2400.0,2400.0,2400.0,2400.0,0.0,2400.0,SSNLF
2017-12-04,2400.0,2400.0,2400.0,2400.0,0.0,2400.0,SSNLF
2017-12-05,2400.0,2400.0,2400.0,2400.0,0.0,2400.0,SSNLF
2017-12-06,2400.0,2400.0,2400.0,2400.0,0.0,2400.0,SSNLF
2017-12-07,2400.0,2400.0,2400.0,2400.0,0.0,2400.0,SSNLF
2017-12-08,2400.0,2400.0,2400.0,2400.0,0.0,2400.0,SSNLF
2017-12-11,2400.0,2400.0,2400.0,2400.0,0.0,2400.0,SSNLF
2017-12-12,2400.0,2400.0,2400.0,2400.0,0.0,2400.0,SSNLF
2017-12-13,2400.0,2400.0,2400.0,2400.0,0.0,2400.0,SSNLF
2017-12-14,2400.0,2400.0,2400.0,2400.0,0.0,2400.0,SSNLF
2017-12-15,2400.0,2400.0,2400.0,2400.0,0.0,2400.0,SSNLF
2017-12-18,2400.0,2400.0,2400.0,2400.0,0.0,2400.0,SSNLF
2017-12-19,2400.0,2400.0,2400.0,2400.0,0.0,2400.0,SSNLF
2017-12-20,2400.0,2400.0,2400.0,2400.0,0.0,2400.0,SSNLF
2017-12-21,2400.0,2400.0,2400.0,2400.0,0.0,2400.0,SSNLF
2017-12-22,2400.0,2400.0,2400.0,2400.0,0.0,2400.0,SSNLF
2017-12-26,2400.0,2400.0,2400.0,2400.0,0.0,2400.0,SSNLF
2017-12-27,2400.0,2400.0,2400.0,2400.0,0.0,2400.0,SSNLF
2017-12-28,2400.0,2400.0,2400.0,2400.0,0.0,2400.0,SSNLF
2017-12-29,2400.0,2400.0,2400.0,2400.0,0.0,2400.0,SSNLF
2018-01-02,2400.0,2400.0,2400.0,2400.0,0.0,2400.0,SSNLF
2018-01-03,2400.0,2400.0,2400.0,2400.0,0.0,2400.0,SSNLF
2018-01-04,2400.0,2400.0,2400.0,2400.0,0.0,2400.0,SSNLF
2018-01-05,2400.0,2400.0,2400.0,2400.0,0.0,2400.0,SSNLF
2018-01-08,2400.0,2400.0,2400.0,2400.0,0.0,2400.0,SSNLF
2018-01-09,2400.0,2400.0,2400.0,2400.0,0.0,2400.0,SSNLF
2018-01-10,2400.0,2400.0,2400.0,2400.0,0.0,2400.0,SSNLF
2018-01-11,2400.0,2400.0,2400.0,2400.0,0.0,2400.0,SSNLF
2018-01-12,2400.0,2400.0,2400.0,2400.0,0.0,2400.0,SSNLF
2018-01-16,2400.0,2400.0,2400.0,2400.0,0.0,2400.0,SSNLF
2018-01-17,2400.0,2400.0,2400.0,2400.0,0.0,2400.0,SSNLF
2018-01-18,2400.0,2400.0,2400.0,2400.0,0.0,2400.0,SSNLF
2018-01-19,2210.0,2210.0,2210.0,2210.0,1.0,2210.0,SSNLF
2018-01-22,2210.0,2210.0,2210.0,2210.0,0.0,2210.0,SSNLF
2018-01-23,2210.0,2210.0,2210.0,2210.0,0.0,2210.0,SSNLF
2018-01-24,2210.0,2210.0,2210.0,2210.0,0.0,2210.0,SSNLF
2018-01-25,2210.0,2210.0,2210.0,2210.0,0.0,2210.0,SSNLF
2018-01-26,2210.0,2210.0,2210.0,2210.0,0.0,2210.0,SSNLF
2018-01-29,2210.0,2210.0,2210.0,2210.0,0.0,2210.0,SSNLF
2018-01-30,2210.0,2210.0,2210.0,2210.0,0.0,2210.0,SSNLF
2018-01-31,2210.0,2210.0,2210.0,2210.0,0.0,2210.0,SSNLF
2018-02-01,2210.0,2210.0,2210.0,2210.0,0.0,2210.0,SSNLF
2018-02-02,2210.0,2210.0,2210.0,2210.0,0.0,2210.0,SSNLF
2018-02-05,2210.0,2210.0,2210.0,2210.0,0.0,2210.0,SSNLF
2018-02-06,2210.0,2210.0,2210.0,2210.0,0.0,2210.0,SSNLF
2018-02-07,2210.0,2210.0,2210.0,2210.0,0.0,2210.0,SSNLF
2018-02-08,2210.0,2210.0,2210.0,2210.0,0.0,2210.0,SSNLF
2018-02-09,2210.0,2210.0,2210.0,2210.0,0.0,2210.0,SSNLF
2018-02-12,2210.0,2210.0,2210.0,2210.0,0.0,2210.0,SSNLF
2018-02-13,2210.0,2210.0,2210.0,2210.0,0.0,2210.0,SSNLF
2018-02-14,2210.0,2210.0,2210.0,2210.0,0.0,2210.0,SSNLF
2018-02-15,2210.0,2210.0,2210.0,2210.0,0.0,2210.0,SSNLF
2018-02-16,2210.0,2210.0,2210.0,2210.0,0.0,2210.0,SSNLF
2018-02-20,2210.0,2210.0,2210.0,2210.0,0.0,2210.0,SSNLF
2018-02-21,2210.0,2210.0,2210.0,2210.0,0.0,2210.0,SSNLF
2018-02-22,2210.0,2210.0,2210.0,2210.0,0.0,2210.0,SSNLF
2018-02-23,2210.0,2210.0,2210.0,2210.0,0.0,2210.0,SSNLF
2018-02-26,2210.0,2210.0,2210.0,2210.0,0.0,2210.0,SSNLF
2018-02-27,2210.0,2210.0,2210.0,2210.0,0.0,2210.0,SSNLF
2018-02-28,2210.0,2210.0,2210.0,2210.0,0.0,2210.0,SSNLF
2018-03-01,2210.0,2210.0,2210.0,2210.0,0.0,2210.0,SSNLF
2018-03-02,2210.0,2210.0,2210.0,2210.0,0.0,2210.0,SSNLF
2018-03-05,2210.0,2210.0,2210.0,2210.0,0.0,2210.0,SSNLF
2018-03-06,2210.0,2210.0,2210.0,2210.0,0.0,2210.0,SSNLF
2018-03-07,2210.0,2210.0,2210.0,2210.0,0.0,2210.0,SSNLF
2018-03-08,2210.0,2210.0,2210.0,2210.0,0.0,2210.0,SSNLF
2018-03-09,2210.0,2210.0,2210.0,2210.0,0.0,2210.0,SSNLF
2018-03-12,2210.0,2210.0,2210.0,2210.0,0.0,2210.0,SSNLF
2018-03-13,2210.0,2210.0,2210.0,2210.0,0.0,2210.0,SSNLF
2018-03-14,2210.0,2210.0,2210.0,2210.0,0.0,2210.0,SSNLF
2018-03-15,2210.0,2210.0,2210.0,2210.0,0.0,2210.0,SSNLF
2018-03-16,2210.0,2210.0,2210.0,2210.0,0.0,2210.0,SSNLF
2018-03-19,2210.0,2210.0,2210.0,2210.0,0.0,2210.0,SSNLF
2018-03-20,2210.0,2210.0,2210.0,2210.0,0.0,2210.0,SSNLF
2018-03-21,2210.0,2210.0,2210.0,2210.0,0.0,2210.0,SSNLF
2018-03-22,2210.0,2210.0,2210.0,2210.0,0.0,2210.0,SSNLF
2018-03-23,2210.0,2210.0,2210.0,2210.0,0.0,2210.0,SSNLF
2018-03-26,2210.0,2210.0,2210.0,2210.0,0.0,2210.0,SSNLF
2018-03-27,2210.0,2210.0,2210.0,2210.0,0.0,2210.0,SSNLF
2018-03-28,2210.0,2210.0,2210.0,2210.0,0.0,2210.0,SSNLF
2018-03-29,2210.0,2210.0,2210.0,2210.0,0.0,2210.0,SSNLF
2018-04-02,2210.0,2210.0,2210.0,2210.0,0.0,2210.0,SSNLF
2018-04-03,2210.0,2210.0,2210.0,2210.0,0.0,2210.0,SSNLF
2018-04-04,2210.0,2210.0,2210.0,2210.0,0.0,2210.0,SSNLF
2018-04-05,2210.0,2210.0,2210.0,2210.0,0.0,2210.0,SSNLF
2018-04-06,2210.0,2210.0,2210.0,2210.0,0.0,2210.0,SSNLF
2018-04-09,2210.0,2210.0,2210.0,2210.0,0.0,2210.0,SSNLF
2018-04-10,2210.0,2210.0,2210.0,2210.0,0.0,2210.0,SSNLF
2018-04-11,2210.0,2210.0,2210.0,2210.0,0.0,2210.0,SSNLF
2018-04-12,2210.0,2210.0,2210.0,2210.0,0.0,2210.0,SSNLF
2018-04-13,2210.0,2210.0,2210.0,2210.0,0.0,2210.0,SSNLF
2018-04-16,2210.0,2210.0,2210.0,2210.0,0.0,2210.0,SSNLF
2018-04-17,2210.0,2210.0,2210.0,2210.0,0.0,2210.0,SSNLF
2018-04-18,2210.0,2210.0,2210.0,2210.0,0.0,2210.0,SSNLF
2018-04-19,2210.0,2210.0,2210.0,2210.0,0.0,2210.0,SSNLF
2018-04-20,2210.0,2210.0,2210.0,2210.0,0.0,2210.0,SSNLF
2018-04-23,2210.0,2210.0,2210.0,2210.0,0.0,2210.0,SSNLF
2018-04-24,2210.0,2210.0,2210.0,2210.0,0.0,2210.0,SSNLF
2018-04-25,2210.0,2210.0,2210.0,2210.0,0.0,2210.0,SSNLF
2018-04-26,2210.0,2210.0,2210.0,2210.0,0.0,2210.0,SSNLF
2018-04-27,2210.0,2210.0,2210.0,2210.0,0.0,2210.0,SSNLF
2018-04-30,2210.0,2210.0,2210.0,2210.0,0.0,2210.0,SSNLF
2018-05-01,2210.0,2210.0,2210.0,2210.0,0.0,2210.0,SSNLF
2018-05-02,2210.0,2210.0,2210.0,2210.0,0.0,2210.0,SSNLF
2018-05-03,2210.0,2210.0,2210.0,2210.0,0.0,2210.0,SSNLF
2018-05-04,44.20000076293945,44.20000076293945,44.20000076293945,44.20000076293945,0.0,44.20000076293945,SSNLF
2018-05-07,44.20000076293945,44.20000076293945,44.20000076293945,44.20000076293945,0.0,44.20000076293945,SSNLF
2018-05-08,44.20000076293945,44.20000076293945,44.20000076293945,44.20000076293945,0.0,44.20000076293945,SSNLF
2018-05-09,44.20000076293945,44.20000076293945,44.20000076293945,44.20000076293945,0.0,44.20000076293945,SSNLF
2018-05-10,44.20000076293945,44.20000076293945,44.20000076293945,44.20000076293945,0.0,44.20000076293945,SSNLF
2018-05-11,44.20000076293945,44.20000076293945,44.20000076293945,44.20000076293945,0.0,44.20000076293945,SSNLF
2018-05-14,44.20000076293945,44.20000076293945,44.20000076293945,44.20000076293945,0.0,44.20000076293945,SSNLF
2018-05-15,44.20000076293945,44.20000076293945,44.20000076293945,44.20000076293945,0.0,44.20000076293945,SSNLF
2018-05-16,44.20000076293945,44.20000076293945,44.20000076293945,44.20000076293945,0.0,44.20000076293945,SSNLF
2018-05-17,44.20000076293945,44.20000076293945,44.20000076293945,44.20000076293945,0.0,44.20000076293945,SSNLF
2018-05-18,44.20000076293945,44.20000076293945,44.20000076293945,44.20000076293945,0.0,44.20000076293945,SSNLF
2018-05-21,44.20000076293945,44.20000076293945,44.20000076293945,44.20000076293945,0.0,44.20000076293945,SSNLF
2018-05-22,44.20000076293945,44.20000076293945,44.20000076293945,44.20000076293945,0.0,44.20000076293945,SSNLF
2018-05-23,44.20000076293945,44.20000076293945,44.20000076293945,44.20000076293945,0.0,44.20000076293945,SSNLF
2018-05-24,2210.0,2210.0,2210.0,2210.0,0.0,2210.0,SSNLF
2018-05-25,2210.0,2210.0,2210.0,2210.0,0.0,2210.0,SSNLF
2018-05-29,2210.0,2210.0,2210.0,2210.0,0.0,2210.0,SSNLF
2018-05-30,2210.0,2210.0,2210.0,2210.0,0.0,2210.0,SSNLF
2018-05-31,2210.0,2210.0,2210.0,2210.0,0.0,2210.0,SSNLF
2018-06-01,2210.0,2210.0,2210.0,2210.0,0.0,2210.0,SSNLF
2018-06-04,2210.0,2210.0,2210.0,2210.0,0.0,2210.0,SSNLF
2018-06-05,2210.0,2210.0,2210.0,2210.0,0.0,2210.0,SSNLF
2018-06-06,2210.0,2210.0,2210.0,2210.0,0.0,2210.0,SSNLF
2018-06-07,2210.0,2210.0,2210.0,2210.0,0.0,2210.0,SSNLF
2018-06-08,2210.0,2210.0,2210.0,2210.0,0.0,2210.0,SSNLF
2018-06-11,2210.0,2210.0,2210.0,2210.0,0.0,2210.0,SSNLF
2018-06-12,2210.0,2210.0,2210.0,2210.0,0.0,2210.0,SSNLF
2018-06-13,2210.0,2210.0,2210.0,2210.0,0.0,2210.0,SSNLF
2018-06-14,2210.0,2210.0,2210.0,2210.0,0.0,2210.0,SSNLF
2018-06-15,2210.0,2210.0,2210.0,2210.0,0.0,2210.0,SSNLF
2018-06-18,2210.0,2210.0,2210.0,2210.0,0.0,2210.0,SSNLF
2018-06-19,2210.0,2210.0,2210.0,2210.0,0.0,2210.0,SSNLF
2018-06-20,2210.0,2210.0,2210.0,2210.0,0.0,2210.0,SSNLF
2018-06-21,2210.0,2210.0,2210.0,2210.0,0.0,2210.0,SSNLF
2018-06-22,2210.0,2210.0,2210.0,2210.0,0.0,2210.0,SSNLF
2018-06-25,2210.0,2210.0,2210.0,2210.0,0.0,2210.0,SSNLF
2018-06-26,2210.0,2210.0,2210.0,2210.0,0.0,2210.0,SSNLF
2018-06-27,2210.0,2210.0,2210.0,2210.0,0.0,2210.0,SSNLF
2018-06-28,2210.0,2210.0,2210.0,2210.0,0.0,2210.0,SSNLF
2018-06-29,2210.0,2210.0,2210.0,2210.0,0.0,2210.0,SSNLF
2018-07-02,2210.0,2210.0,2210.0,2210.0,0.0,2210.0,SSNLF
2018-07-03,2210.0,2210.0,2210.0,2210.0,0.0,2210.0,SSNLF
2018-07-05,2210.0,2210.0,2210.0,2210.0,0.0,2210.0,SSNLF
2018-07-06,2210.0,2210.0,2210.0,2210.0,0.0,2210.0,SSNLF
2018-07-09,2210.0,2210.0,2210.0,2210.0,0.0,2210.0,SSNLF
2018-07-10,2210.0,2210.0,2210.0,2210.0,0.0,2210.0,SSNLF
2018-07-11,2210.0,2210.0,2210.0,2210.0,0.0,2210.0,SSNLF
2018-07-12,2210.0,2210.0,2210.0,2210.0,0.0,2210.0,SSNLF
2018-07-13,2210.0,2210.0,2210.0,2210.0,0.0,2210.0,SSNLF
2018-07-16,2210.0,2210.0,2210.0,2210.0,0.0,2210.0,SSNLF
2018-07-17,2210.0,2210.0,2210.0,2210.0,0.0,2210.0,SSNLF
2018-07-18,2210.0,2210.0,2210.0,2210.0,0.0,2210.0,SSNLF
2018-07-19,2210.0,2210.0,2210.0,2210.0,0.0,2210.0,SSNLF
2018-07-20,2210.0,2210.0,2210.0,2210.0,0.0,2210.0,SSNLF
2018-07-23,2210.0,2210.0,2210.0,2210.0,0.0,2210.0,SSNLF
2018-07-24,2210.0,2210.0,2210.0,2210.0,0.0,2210.0,SSNLF
2018-07-25,2210.0,2210.0,2210.0,2210.0,0.0,2210.0,SSNLF
2018-07-26,2210.0,2210.0,2210.0,2210.0,0.0,2210.0,SSNLF
2018-07-27,2210.0,2210.0,2210.0,2210.0,0.0,2210.0,SSNLF
2018-07-30,2210.0,2210.0,2210.0,2210.0,0.0,2210.0,SSNLF
2018-07-31,2210.0,2210.0,2210.0,2210.0,0.0,2210.0,SSNLF
2018-08-01,2210.0,2210.0,2210.0,2210.0,0.0,2210.0,SSNLF
2018-08-02,2210.0,2210.0,2210.0,2210.0,0.0,2210.0,SSNLF
2018-08-03,2210.0,2210.0,2210.0,2210.0,0.0,2210.0,SSNLF
2018-08-06,2210.0,2210.0,2210.0,2210.0,0.0,2210.0,SSNLF
2018-08-07,2210.0,2210.0,2210.0,2210.0,0.0,2210.0,SSNLF
2018-08-08,2210.0,2210.0,2210.0,2210.0,0.0,2210.0,SSNLF
2018-08-09,2210.0,2210.0,2210.0,2210.0,0.0,2210.0,SSNLF
2018-08-10,2210.0,2210.0,2210.0,2210.0,0.0,2210.0,SSNLF
2018-08-13,2210.0,2210.0,2210.0,2210.0,0.0,2210.0,SSNLF
2018-08-14,2210.0,2210.0,2210.0,2210.0,0.0,2210.0,SSNLF
2018-08-15,2210.0,2210.0,2210.0,2210.0,0.0,2210.0,SSNLF
2018-08-16,2210.0,2210.0,2210.0,2210.0,0.0,2210.0,SSNLF
2018-08-17,2210.0,2210.0,2210.0,2210.0,0.0,2210.0,SSNLF
2018-08-20,2210.0,2210.0,2210.0,2210.0,0.0,2210.0,SSNLF
2018-08-21,2210.0,2210.0,2210.0,2210.0,0.0,2210.0,SSNLF
2018-08-22,2210.0,2210.0,2210.0,2210.0,0.0,2210.0,SSNLF
2018-08-23,2210.0,2210.0,2210.0,2210.0,0.0,2210.0,SSNLF
2018-08-24,2210.0,2210.0,2210.0,2210.0,0.0,2210.0,SSNLF
2018-08-27,2210.0,2210.0,2210.0,2210.0,0.0,2210.0,SSNLF
2018-08-28,2210.0,2210.0,2210.0,2210.0,0.0,2210.0,SSNLF
2018-08-29,2210.0,2210.0,2210.0,2210.0,0.0,2210.0,SSNLF
2018-08-30,2210.0,2210.0,2210.0,2210.0,0.0,2210.0,SSNLF
2018-08-31,2210.0,2210.0,2210.0,2210.0,0.0,2210.0,SSNLF
2018-09-04,2210.0,2210.0,2210.0,2210.0,0.0,2210.0,SSNLF
2018-09-05,2210.0,2210.0,2210.0,2210.0,0.0,2210.0,SSNLF
2018-09-06,2210.0,2210.0,2210.0,2210.0,0.0,2210.0,SSNLF
2018-09-07,2210.0,2210.0,2210.0,2210.0,0.0,2210.0,SSNLF
2018-09-10,2210.0,2210.0,2210.0,2210.0,0.0,2210.0,SSNLF
2018-09-11,2210.0,2210.0,2210.0,2210.0,0.0,2210.0,SSNLF
2018-09-12,2210.0,2210.0,2210.0,2210.0,0.0,2210.0,SSNLF
2018-09-13,2210.0,2210.0,2210.0,2210.0,0.0,2210.0,SSNLF
2018-09-14,2210.0,2210.0,2210.0,2210.0,0.0,2210.0,SSNLF
2018-09-17,2210.0,2210.0,2210.0,2210.0,0.0,2210.0,SSNLF
2018-09-18,2210.0,2210.0,2210.0,2210.0,0.0,2210.0,SSNLF
2018-09-19,2210.0,2210.0,2210.0,2210.0,0.0,2210.0,SSNLF
2018-09-20,2210.0,2210.0,2210.0,2210.0,0.0,2210.0,SSNLF
2018-09-21,2210.0,2210.0,2210.0,2210.0,0.0,2210.0,SSNLF
2018-09-24,2210.0,2210.0,2210.0,2210.0,0.0,2210.0,SSNLF
2018-09-25,2210.0,2210.0,2210.0,2210.0,0.0,2210.0,SSNLF
2018-09-26,2210.0,2210.0,2210.0,2210.0,0.0,2210.0,SSNLF
2018-09-27,2210.0,2210.0,2210.0,2210.0,0.0,2210.0,SSNLF
2018-09-28,2210.0,2210.0,2210.0,2210.0,0.0,2210.0,SSNLF
2018-10-01,2210.0,2210.0,2210.0,2210.0,0.0,2210.0,SSNLF
2018-10-02,2210.0,2210.0,2210.0,2210.0,0.0,2210.0,SSNLF
2018-10-03,2210.0,2210.0,2210.0,2210.0,0.0,2210.0,SSNLF
2018-10-04,2210.0,2210.0,2210.0,2210.0,0.0,2210.0,SSNLF
2018-10-05,2210.0,2210.0,2210.0,2210.0,0.0,2210.0,SSNLF
2018-10-08,2210.0,2210.0,2210.0,2210.0,0.0,2210.0,SSNLF
2018-10-09,2210.0,2210.0,2210.0,2210.0,0.0,2210.0,SSNLF
2018-10-10,2210.0,2210.0,2210.0,2210.0,0.0,2210.0,SSNLF
2018-10-11,2210.0,2210.0,2210.0,2210.0,0.0,2210.0,SSNLF
2018-10-12,2210.0,2210.0,2210.0,2210.0,0.0,2210.0,SSNLF
2018-10-15,2210.0,2210.0,2210.0,2210.0,0.0,2210.0,SSNLF
2018-10-16,2210.0,2210.0,2210.0,2210.0,0.0,2210.0,SSNLF
2018-10-17,2210.0,2210.0,2210.0,2210.0,0.0,2210.0,SSNLF
2018-10-18,2210.0,2210.0,2210.0,2210.0,0.0,2210.0,SSNLF
2018-10-19,2210.0,2210.0,2210.0,2210.0,0.0,2210.0,SSNLF
2018-10-22,2210.0,2210.0,2210.0,2210.0,0.0,2210.0,SSNLF
2018-10-23,2210.0,2210.0,2210.0,2210.0,0.0,2210.0,SSNLF
2018-10-24,2210.0,2210.0,2210.0,2210.0,0.0,2210.0,SSNLF
2018-10-25,2210.0,2210.0,2210.0,2210.0,0.0,2210.0,SSNLF
2018-10-26,2210.0,2210.0,2210.0,2210.0,0.0,2210.0,SSNLF
2018-10-29,2210.0,2210.0,2210.0,2210.0,0.0,2210.0,SSNLF
2018-10-30,2210.0,2210.0,2210.0,2210.0,0.0,2210.0,SSNLF
2018-10-31,2210.0,2210.0,2210.0,2210.0,0.0,2210.0,SSNLF
2018-11-01,2210.0,2210.0,2210.0,2210.0,0.0,2210.0,SSNLF
2018-11-02,2210.0,2210.0,2210.0,2210.0,0.0,2210.0,SSNLF
2018-11-05,2210.0,2210.0,2210.0,2210.0,0.0,2210.0,SSNLF
2018-11-06,2210.0,2210.0,2210.0,2210.0,0.0,2210.0,SSNLF
2018-11-07,2210.0,2210.0,2210.0,2210.0,0.0,2210.0,SSNLF
2018-11-08,2210.0,2210.0,2210.0,2210.0,0.0,2210.0,SSNLF
2018-11-09,2210.0,2210.0,2210.0,2210.0,0.0,2210.0,SSNLF
2018-11-12,2210.0,2210.0,2210.0,2210.0,0.0,2210.0,SSNLF
2018-11-13,2210.0,2210.0,2210.0,2210.0,0.0,2210.0,SSNLF
2018-11-14,2210.0,2210.0,2210.0,2210.0,0.0,2210.0,SSNLF
2018-11-15,2210.0,2210.0,2210.0,2210.0,0.0,2210.0,SSNLF
2018-11-16,2210.0,2210.0,2210.0,2210.0,0.0,2210.0,SSNLF
2018-11-19,2210.0,2210.0,2210.0,2210.0,0.0,2210.0,SSNLF
2018-11-20,2210.0,2210.0,2210.0,2210.0,0.0,2210.0,SSNLF
2018-11-21,2210.0,2210.0,2210.0,2210.0,0.0,2210.0,SSNLF
2018-11-23,2210.0,2210.0,2210.0,2210.0,0.0,2210.0,SSNLF
2018-11-26,2210.0,2210.0,2210.0,2210.0,0.0,2210.0,SSNLF
2018-11-27,2210.0,2210.0,2210.0,2210.0,0.0,2210.0,SSNLF
2018-11-28,2210.0,2210.0,2210.0,2210.0,0.0,2210.0,SSNLF
2018-11-29,2210.0,2210.0,2210.0,2210.0,0.0,2210.0,SSNLF
2018-11-30,2210.0,2210.0,2210.0,2210.0,0.0,2210.0,SSNLF
2018-12-03,2210.0,2210.0,2210.0,2210.0,0.0,2210.0,SSNLF
2018-12-04,2210.0,2210.0,2210.0,2210.0,0.0,2210.0,SSNLF
2018-12-06,2210.0,2210.0,2210.0,2210.0,0.0,2210.0,SSNLF
2018-12-07,2210.0,2210.0,2210.0,2210.0,0.0,2210.0,SSNLF
2018-12-10,2210.0,2210.0,2210.0,2210.0,0.0,2210.0,SSNLF
2018-12-11,2210.0,2210.0,2210.0,2210.0,0.0,2210.0,SSNLF
2018-12-12,2210.0,2210.0,2210.0,2210.0,0.0,2210.0,SSNLF
2018-12-13,2210.0,2210.0,2210.0,2210.0,0.0,2210.0,SSNLF
